Lv:int,Exp:int,MenjiWinExp:int,DoudizhuWinExp:int,MajiangWinExp:int,NiuniuWinExp:int,MenjiLoseExp:int,DoudizhuLoseExp:int,MajiangLoseExp:int,NiuniuLoseExp:int,ZhenxiongmajiangWinExp:int,ZhenxiongmajiangLoseExp:int
1,600,300,1200,2200,300,300,1200,2200,300,2200,2200
2,600,300,1200,2200,300,300,1200,2200,300,2200,2200
3,1300,300,1200,2200,300,300,1200,2200,300,2200,2200
4,2200,300,1200,2200,300,300,1200,2200,300,2200,2200
5,3200,300,1200,2200,300,300,1200,2200,300,2200,2200
6,4500,300,1200,2200,300,300,1200,2200,300,2200,2200
7,4700,300,1200,2200,300,300,1200,2200,300,2200,2200
8,4900,300,1200,2200,300,300,1200,2200,300,2200,2200
9,5200,300,1200,2200,300,300,1200,2200,300,2200,2200
10,5400,300,1200,2200,300,300,1200,2200,300,2200,2200
11,5700,300,1200,2200,300,300,1200,2200,300,2200,2200
12,6000,300,1200,2200,300,300,1200,2200,300,2200,2200
13,6300,300,1200,2200,300,300,1200,2200,300,2200,2200
14,6600,300,1200,2200,300,300,1200,2200,300,2200,2200
15,6900,300,1200,2200,300,300,1200,2200,300,2200,2200
16,7300,300,1200,2200,300,300,1200,2200,300,2200,2200
17,7600,300,1200,2200,300,300,1200,2200,300,2200,2200
18,8000,300,1200,2200,300,300,1200,2200,300,2200,2200
19,8400,300,1200,2200,300,300,1200,2200,300,2200,2200
20,8800,300,1200,2200,300,300,1200,2200,300,2200,2200
21,9300,300,1200,2200,300,300,1200,2200,300,2200,2200
22,9800,300,1200,2200,300,300,1200,2200,300,2200,2200
23,10400,300,1200,2200,300,300,1200,2200,300,2200,2200
24,11100,300,1200,2200,300,300,1200,2200,300,2200,2200
25,11700,300,1200,2200,300,300,1200,2200,300,2200,2200
26,12400,300,1200,2200,300,300,1200,2200,300,2200,2200
27,13200,300,1200,2200,300,300,1200,2200,300,2200,2200
28,14000,300,1200,2200,300,300,1200,2200,300,2200,2200
29,14800,300,1200,2200,300,300,1200,2200,300,2200,2200
30,15700,300,1200,2200,300,300,1200,2200,300,2200,2200
31,16600,300,1200,2200,300,300,1200,2200,300,2200,2200
32,18000,300,1200,2200,300,300,1200,2200,300,2200,2200
33,19000,300,1200,2200,300,300,1200,2200,300,2200,2200
34,21000,300,1200,2200,300,300,1200,2200,300,2200,2200
35,23000,300,1200,2200,300,300,1200,2200,300,2200,2200
36,24000,300,1200,2200,300,300,1200,2200,300,2200,2200
37,26000,300,1200,2200,300,300,1200,2200,300,2200,2200
38,28000,300,1200,2200,300,300,1200,2200,300,2200,2200
39,31000,300,1200,2200,300,300,1200,2200,300,2200,2200
40,33000,300,1200,2200,300,300,1200,2200,300,2200,2200
41,36000,300,1200,2200,300,300,1200,2200,300,2200,2200
42,39000,300,1200,2200,300,300,1200,2200,300,2200,2200
43,42000,300,1200,2200,300,300,1200,2200,300,2200,2200
44,45000,300,1200,2200,300,300,1200,2200,300,2200,2200
45,49000,300,1200,2200,300,300,1200,2200,300,2200,2200
46,53000,300,1200,2200,300,300,1200,2200,300,2200,2200
47,57000,300,1200,2200,300,300,1200,2200,300,2200,2200
48,62000,300,1200,2200,300,300,1200,2200,300,2200,2200
49,66000,300,1200,2200,300,300,1200,2200,300,2200,2200
50,72000,300,1200,2200,300,300,1200,2200,300,2200,2200
51,72000,300,1200,2200,300,300,1200,2200,300,2200,2200
52,72000,300,1200,2200,300,300,1200,2200,300,2200,2200
53,72000,300,1200,2200,300,300,1200,2200,300,2200,2200
54,72000,300,1200,2200,300,300,1200,2200,300,2200,2200
55,72000,300,1200,2200,300,300,1200,2200,300,2200,2200
56,72000,300,1200,2200,300,300,1200,2200,300,2200,2200
57,72000,300,1200,2200,300,300,1200,2200,300,2200,2200
58,72000,300,1200,2200,300,300,1200,2200,300,2200,2200
59,72000,300,1200,2200,300,300,1200,2200,300,2200,2200
60,72000,300,1200,2200,300,300,1200,2200,300,2200,2200
61,72000,300,1200,2200,300,300,1200,2200,300,2200,2200
62,72000,300,1200,2200,300,300,1200,2200,300,2200,2200
63,72000,300,1200,2200,300,300,1200,2200,300,2200,2200
64,72000,300,1200,2200,300,300,1200,2200,300,2200,2200
65,72000,300,1200,2200,300,300,1200,2200,300,2200,2200
66,72000,300,1200,2200,300,300,1200,2200,300,2200,2200
67,72000,300,1200,2200,300,300,1200,2200,300,2200,2200
68,72000,300,1200,2200,300,300,1200,2200,300,2200,2200
69,72000,300,1200,2200,300,300,1200,2200,300,2200,2200
70,72000,300,1200,2200,300,300,1200,2200,300,2200,2200
71,72000,300,1200,2200,300,300,1200,2200,300,2200,2200
72,72000,300,1200,2200,300,300,1200,2200,300,2200,2200
73,72000,300,1200,2200,300,300,1200,2200,300,2200,2200
74,72000,300,1200,2200,300,300,1200,2200,300,2200,2200
75,72000,300,1200,2200,300,300,1200,2200,300,2200,2200
76,72000,300,1200,2200,300,300,1200,2200,300,2200,2200
77,72000,300,1200,2200,300,300,1200,2200,300,2200,2200
78,72000,300,1200,2200,300,300,1200,2200,300,2200,2200
79,72000,300,1200,2200,300,300,1200,2200,300,2200,2200
80,72000,300,1200,2200,300,300,1200,2200,300,2200,2200
81,72000,300,1200,2200,300,300,1200,2200,300,2200,2200
82,72000,300,1200,2200,300,300,1200,2200,300,2200,2200
83,72000,300,1200,2200,300,300,1200,2200,300,2200,2200
84,72000,300,1200,2200,300,300,1200,2200,300,2200,2200
85,72000,300,1200,2200,300,300,1200,2200,300,2200,2200
86,72000,300,1200,2200,300,300,1200,2200,300,2200,2200
87,72000,300,1200,2200,300,300,1200,2200,300,2200,2200
88,72000,300,1200,2200,300,300,1200,2200,300,2200,2200
89,72000,300,1200,2200,300,300,1200,2200,300,2200,2200
90,72000,300,1200,2200,300,300,1200,2200,300,2200,2200
91,72000,300,1200,2200,300,300,1200,2200,300,2200,2200
92,72000,300,1200,2200,300,300,1200,2200,300,2200,2200
93,72000,300,1200,2200,300,300,1200,2200,300,2200,2200
94,72000,300,1200,2200,300,300,1200,2200,300,2200,2200
95,72000,300,1200,2200,300,300,1200,2200,300,2200,2200
96,72000,300,1200,2200,300,300,1200,2200,300,2200,2200
97,72000,300,1200,2200,300,300,1200,2200,300,2200,2200
98,72000,300,1200,2200,300,300,1200,2200,300,2200,2200
99,72000,300,1200,2200,300,300,1200,2200,300,2200,2200
100,72000,300,1200,2200,300,300,1200,2200,300,2200,2200
101,72000,300,1200,2200,300,300,1200,2200,300,2200,2200
102,72000,300,1200,2200,300,300,1200,2200,300,2200,2200
103,72000,300,1200,2200,300,300,1200,2200,300,2200,2200
104,72000,300,1200,2200,300,300,1200,2200,300,2200,2200
105,72000,300,1200,2200,300,300,1200,2200,300,2200,2200
106,72000,300,1200,2200,300,300,1200,2200,300,2200,2200
107,72000,300,1200,2200,300,300,1200,2200,300,2200,2200
108,72000,300,1200,2200,300,300,1200,2200,300,2200,2200
109,72000,300,1200,2200,300,300,1200,2200,300,2200,2200
110,72000,300,1200,2200,300,300,1200,2200,300,2200,2200
111,72000,300,1200,2200,300,300,1200,2200,300,2200,2200
112,72000,300,1200,2200,300,300,1200,2200,300,2200,2200
113,72000,300,1200,2200,300,300,1200,2200,300,2200,2200
114,72000,300,1200,2200,300,300,1200,2200,300,2200,2200
115,72000,300,1200,2200,300,300,1200,2200,300,2200,2200
116,72000,300,1200,2200,300,300,1200,2200,300,2200,2200
117,72000,300,1200,2200,300,300,1200,2200,300,2200,2200
118,72000,300,1200,2200,300,300,1200,2200,300,2200,2200
119,72000,300,1200,2200,300,300,1200,2200,300,2200,2200
120,72000,300,1200,2200,300,300,1200,2200,300,2200,2200
121,72000,300,1200,2200,300,300,1200,2200,300,2200,2200
122,72000,300,1200,2200,300,300,1200,2200,300,2200,2200
123,72000,300,1200,2200,300,300,1200,2200,300,2200,2200
124,72000,300,1200,2200,300,300,1200,2200,300,2200,2200
125,72000,300,1200,2200,300,300,1200,2200,300,2200,2200
126,72000,300,1200,2200,300,300,1200,2200,300,2200,2200
127,72000,300,1200,2200,300,300,1200,2200,300,2200,2200
128,72000,300,1200,2200,300,300,1200,2200,300,2200,2200
129,72000,300,1200,2200,300,300,1200,2200,300,2200,2200
130,72000,300,1200,2200,300,300,1200,2200,300,2200,2200
131,72000,300,1200,2200,300,300,1200,2200,300,2200,2200
132,72000,300,1200,2200,300,300,1200,2200,300,2200,2200
133,72000,300,1200,2200,300,300,1200,2200,300,2200,2200
134,72000,300,1200,2200,300,300,1200,2200,300,2200,2200
135,72000,300,1200,2200,300,300,1200,2200,300,2200,2200
136,72000,300,1200,2200,300,300,1200,2200,300,2200,2200
137,72000,300,1200,2200,300,300,1200,2200,300,2200,2200
138,72000,300,1200,2200,300,300,1200,2200,300,2200,2200
139,72000,300,1200,2200,300,300,1200,2200,300,2200,2200
140,72000,300,1200,2200,300,300,1200,2200,300,2200,2200
141,72000,300,1200,2200,300,300,1200,2200,300,2200,2200
142,72000,300,1200,2200,300,300,1200,2200,300,2200,2200
143,72000,300,1200,2200,300,300,1200,2200,300,2200,2200
144,72000,300,1200,2200,300,300,1200,2200,300,2200,2200
145,72000,300,1200,2200,300,300,1200,2200,300,2200,2200
146,72000,300,1200,2200,300,300,1200,2200,300,2200,2200
147,72000,300,1200,2200,300,300,1200,2200,300,2200,2200
148,72000,300,1200,2200,300,300,1200,2200,300,2200,2200
149,72000,300,1200,2200,300,300,1200,2200,300,2200,2200
150,72000,300,1200,2200,300,300,1200,2200,300,2200,2200
151,72000,300,1200,2200,300,300,1200,2200,300,2200,2200
152,72000,300,1200,2200,300,300,1200,2200,300,2200,2200
153,72000,300,1200,2200,300,300,1200,2200,300,2200,2200
154,72000,300,1200,2200,300,300,1200,2200,300,2200,2200
155,72000,300,1200,2200,300,300,1200,2200,300,2200,2200
156,72000,300,1200,2200,300,300,1200,2200,300,2200,2200
157,72000,300,1200,2200,300,300,1200,2200,300,2200,2200
158,72000,300,1200,2200,300,300,1200,2200,300,2200,2200
159,72000,300,1200,2200,300,300,1200,2200,300,2200,2200
160,72000,300,1200,2200,300,300,1200,2200,300,2200,2200
161,72000,300,1200,2200,300,300,1200,2200,300,2200,2200
162,72000,300,1200,2200,300,300,1200,2200,300,2200,2200
163,72000,300,1200,2200,300,300,1200,2200,300,2200,2200
164,72000,300,1200,2200,300,300,1200,2200,300,2200,2200
165,72000,300,1200,2200,300,300,1200,2200,300,2200,2200
166,72000,300,1200,2200,300,300,1200,2200,300,2200,2200
167,72000,300,1200,2200,300,300,1200,2200,300,2200,2200
168,72000,300,1200,2200,300,300,1200,2200,300,2200,2200
169,72000,300,1200,2200,300,300,1200,2200,300,2200,2200
170,72000,300,1200,2200,300,300,1200,2200,300,2200,2200
171,72000,300,1200,2200,300,300,1200,2200,300,2200,2200
172,72000,300,1200,2200,300,300,1200,2200,300,2200,2200
173,72000,300,1200,2200,300,300,1200,2200,300,2200,2200
174,72000,300,1200,2200,300,300,1200,2200,300,2200,2200
175,72000,300,1200,2200,300,300,1200,2200,300,2200,2200
176,72000,300,1200,2200,300,300,1200,2200,300,2200,2200
177,72000,300,1200,2200,300,300,1200,2200,300,2200,2200
178,72000,300,1200,2200,300,300,1200,2200,300,2200,2200
179,72000,300,1200,2200,300,300,1200,2200,300,2200,2200
180,72000,300,1200,2200,300,300,1200,2200,300,2200,2200
181,72000,300,1200,2200,300,300,1200,2200,300,2200,2200
182,72000,300,1200,2200,300,300,1200,2200,300,2200,2200
183,72000,300,1200,2200,300,300,1200,2200,300,2200,2200
184,72000,300,1200,2200,300,300,1200,2200,300,2200,2200
185,72000,300,1200,2200,300,300,1200,2200,300,2200,2200
186,72000,300,1200,2200,300,300,1200,2200,300,2200,2200
187,72000,300,1200,2200,300,300,1200,2200,300,2200,2200
188,72000,300,1200,2200,300,300,1200,2200,300,2200,2200
189,72000,300,1200,2200,300,300,1200,2200,300,2200,2200
190,72000,300,1200,2200,300,300,1200,2200,300,2200,2200
191,72000,300,1200,2200,300,300,1200,2200,300,2200,2200
192,72000,300,1200,2200,300,300,1200,2200,300,2200,2200
193,72000,300,1200,2200,300,300,1200,2200,300,2200,2200
194,72000,300,1200,2200,300,300,1200,2200,300,2200,2200
195,72000,300,1200,2200,300,300,1200,2200,300,2200,2200
196,72000,300,1200,2200,300,300,1200,2200,300,2200,2200
197,72000,300,1200,2200,300,300,1200,2200,300,2200,2200
198,72000,300,1200,2200,300,300,1200,2200,300,2200,2200
199,72000,300,1200,2200,300,300,1200,2200,300,2200,2200
200,72000,300,1200,2200,300,300,1200,2200,300,2200,2200
201,72000,300,1200,2200,300,300,1200,2200,300,2200,2200
202,72000,300,1200,2200,300,300,1200,2200,300,2200,2200
203,72000,300,1200,2200,300,300,1200,2200,300,2200,2200
204,72000,300,1200,2200,300,300,1200,2200,300,2200,2200
205,72000,300,1200,2200,300,300,1200,2200,300,2200,2200
206,72000,300,1200,2200,300,300,1200,2200,300,2200,2200
207,72000,300,1200,2200,300,300,1200,2200,300,2200,2200
208,72000,300,1200,2200,300,300,1200,2200,300,2200,2200
209,72000,300,1200,2200,300,300,1200,2200,300,2200,2200
210,72000,300,1200,2200,300,300,1200,2200,300,2200,2200
211,72000,300,1200,2200,300,300,1200,2200,300,2200,2200
212,72000,300,1200,2200,300,300,1200,2200,300,2200,2200
213,72000,300,1200,2200,300,300,1200,2200,300,2200,2200
214,72000,300,1200,2200,300,300,1200,2200,300,2200,2200
215,72000,300,1200,2200,300,300,1200,2200,300,2200,2200
216,72000,300,1200,2200,300,300,1200,2200,300,2200,2200
217,72000,300,1200,2200,300,300,1200,2200,300,2200,2200
218,72000,300,1200,2200,300,300,1200,2200,300,2200,2200
219,72000,300,1200,2200,300,300,1200,2200,300,2200,2200
220,72000,300,1200,2200,300,300,1200,2200,300,2200,2200
221,72000,300,1200,2200,300,300,1200,2200,300,2200,2200
222,72000,300,1200,2200,300,300,1200,2200,300,2200,2200
223,72000,300,1200,2200,300,300,1200,2200,300,2200,2200
224,72000,300,1200,2200,300,300,1200,2200,300,2200,2200
225,72000,300,1200,2200,300,300,1200,2200,300,2200,2200
226,72000,300,1200,2200,300,300,1200,2200,300,2200,2200
227,72000,300,1200,2200,300,300,1200,2200,300,2200,2200
228,72000,300,1200,2200,300,300,1200,2200,300,2200,2200
229,72000,300,1200,2200,300,300,1200,2200,300,2200,2200
230,72000,300,1200,2200,300,300,1200,2200,300,2200,2200
231,72000,300,1200,2200,300,300,1200,2200,300,2200,2200
232,72000,300,1200,2200,300,300,1200,2200,300,2200,2200
233,72000,300,1200,2200,300,300,1200,2200,300,2200,2200
234,72000,300,1200,2200,300,300,1200,2200,300,2200,2200
235,72000,300,1200,2200,300,300,1200,2200,300,2200,2200
236,72000,300,1200,2200,300,300,1200,2200,300,2200,2200
237,72000,300,1200,2200,300,300,1200,2200,300,2200,2200
238,72000,300,1200,2200,300,300,1200,2200,300,2200,2200
239,72000,300,1200,2200,300,300,1200,2200,300,2200,2200
240,72000,300,1200,2200,300,300,1200,2200,300,2200,2200
241,72000,300,1200,2200,300,300,1200,2200,300,2200,2200
242,72000,300,1200,2200,300,300,1200,2200,300,2200,2200
243,72000,300,1200,2200,300,300,1200,2200,300,2200,2200
244,72000,300,1200,2200,300,300,1200,2200,300,2200,2200
245,72000,300,1200,2200,300,300,1200,2200,300,2200,2200
246,72000,300,1200,2200,300,300,1200,2200,300,2200,2200
247,72000,300,1200,2200,300,300,1200,2200,300,2200,2200
248,72000,300,1200,2200,300,300,1200,2200,300,2200,2200
249,72000,300,1200,2200,300,300,1200,2200,300,2200,2200
250,72000,300,1200,2200,300,300,1200,2200,300,2200,2200
251,72000,300,1200,2200,300,300,1200,2200,300,2200,2200
252,72000,300,1200,2200,300,300,1200,2200,300,2200,2200
253,72000,300,1200,2200,300,300,1200,2200,300,2200,2200
254,72000,300,1200,2200,300,300,1200,2200,300,2200,2200
255,72000,300,1200,2200,300,300,1200,2200,300,2200,2200
256,72000,300,1200,2200,300,300,1200,2200,300,2200,2200
257,72000,300,1200,2200,300,300,1200,2200,300,2200,2200
258,72000,300,1200,2200,300,300,1200,2200,300,2200,2200
259,72000,300,1200,2200,300,300,1200,2200,300,2200,2200
260,72000,300,1200,2200,300,300,1200,2200,300,2200,2200
261,72000,300,1200,2200,300,300,1200,2200,300,2200,2200
262,72000,300,1200,2200,300,300,1200,2200,300,2200,2200
263,72000,300,1200,2200,300,300,1200,2200,300,2200,2200
264,72000,300,1200,2200,300,300,1200,2200,300,2200,2200
265,72000,300,1200,2200,300,300,1200,2200,300,2200,2200
266,72000,300,1200,2200,300,300,1200,2200,300,2200,2200
267,72000,300,1200,2200,300,300,1200,2200,300,2200,2200
268,72000,300,1200,2200,300,300,1200,2200,300,2200,2200
269,72000,300,1200,2200,300,300,1200,2200,300,2200,2200
270,72000,300,1200,2200,300,300,1200,2200,300,2200,2200
271,72000,300,1200,2200,300,300,1200,2200,300,2200,2200
272,72000,300,1200,2200,300,300,1200,2200,300,2200,2200
273,72000,300,1200,2200,300,300,1200,2200,300,2200,2200
274,72000,300,1200,2200,300,300,1200,2200,300,2200,2200
275,72000,300,1200,2200,300,300,1200,2200,300,2200,2200
276,72000,300,1200,2200,300,300,1200,2200,300,2200,2200
277,72000,300,1200,2200,300,300,1200,2200,300,2200,2200
278,72000,300,1200,2200,300,300,1200,2200,300,2200,2200
279,72000,300,1200,2200,300,300,1200,2200,300,2200,2200
280,72000,300,1200,2200,300,300,1200,2200,300,2200,2200
281,72000,300,1200,2200,300,300,1200,2200,300,2200,2200
282,72000,300,1200,2200,300,300,1200,2200,300,2200,2200
283,72000,300,1200,2200,300,300,1200,2200,300,2200,2200
284,72000,300,1200,2200,300,300,1200,2200,300,2200,2200
285,72000,300,1200,2200,300,300,1200,2200,300,2200,2200
286,72000,300,1200,2200,300,300,1200,2200,300,2200,2200
287,72000,300,1200,2200,300,300,1200,2200,300,2200,2200
288,72000,300,1200,2200,300,300,1200,2200,300,2200,2200
289,72000,300,1200,2200,300,300,1200,2200,300,2200,2200
290,72000,300,1200,2200,300,300,1200,2200,300,2200,2200
291,72000,300,1200,2200,300,300,1200,2200,300,2200,2200
292,72000,300,1200,2200,300,300,1200,2200,300,2200,2200
293,72000,300,1200,2200,300,300,1200,2200,300,2200,2200
294,72000,300,1200,2200,300,300,1200,2200,300,2200,2200
295,72000,300,1200,2200,300,300,1200,2200,300,2200,2200
296,72000,300,1200,2200,300,300,1200,2200,300,2200,2200
297,72000,300,1200,2200,300,300,1200,2200,300,2200,2200
298,72000,300,1200,2200,300,300,1200,2200,300,2200,2200
299,72000,300,1200,2200,300,300,1200,2200,300,2200,2200
300,72000,300,1200,2200,300,300,1200,2200,300,2200,2200
301,72000,300,1200,2200,300,300,1200,2200,300,2200,2200
302,72000,300,1200,2200,300,300,1200,2200,300,2200,2200
303,72000,300,1200,2200,300,300,1200,2200,300,2200,2200
304,72000,300,1200,2200,300,300,1200,2200,300,2200,2200
305,72000,300,1200,2200,300,300,1200,2200,300,2200,2200
306,72000,300,1200,2200,300,300,1200,2200,300,2200,2200
307,72000,300,1200,2200,300,300,1200,2200,300,2200,2200
308,72000,300,1200,2200,300,300,1200,2200,300,2200,2200
309,72000,300,1200,2200,300,300,1200,2200,300,2200,2200
310,72000,300,1200,2200,300,300,1200,2200,300,2200,2200
311,72000,300,1200,2200,300,300,1200,2200,300,2200,2200
312,72000,300,1200,2200,300,300,1200,2200,300,2200,2200
313,72000,300,1200,2200,300,300,1200,2200,300,2200,2200
314,72000,300,1200,2200,300,300,1200,2200,300,2200,2200
315,72000,300,1200,2200,300,300,1200,2200,300,2200,2200
316,72000,300,1200,2200,300,300,1200,2200,300,2200,2200
317,72000,300,1200,2200,300,300,1200,2200,300,2200,2200
318,72000,300,1200,2200,300,300,1200,2200,300,2200,2200
319,72000,300,1200,2200,300,300,1200,2200,300,2200,2200
320,72000,300,1200,2200,300,300,1200,2200,300,2200,2200
321,72000,300,1200,2200,300,300,1200,2200,300,2200,2200
322,72000,300,1200,2200,300,300,1200,2200,300,2200,2200
323,72000,300,1200,2200,300,300,1200,2200,300,2200,2200
324,72000,300,1200,2200,300,300,1200,2200,300,2200,2200
325,72000,300,1200,2200,300,300,1200,2200,300,2200,2200
326,72000,300,1200,2200,300,300,1200,2200,300,2200,2200
327,72000,300,1200,2200,300,300,1200,2200,300,2200,2200
328,72000,300,1200,2200,300,300,1200,2200,300,2200,2200
329,72000,300,1200,2200,300,300,1200,2200,300,2200,2200
330,72000,300,1200,2200,300,300,1200,2200,300,2200,2200
331,72000,300,1200,2200,300,300,1200,2200,300,2200,2200
332,72000,300,1200,2200,300,300,1200,2200,300,2200,2200
333,72000,300,1200,2200,300,300,1200,2200,300,2200,2200
334,72000,300,1200,2200,300,300,1200,2200,300,2200,2200
335,72000,300,1200,2200,300,300,1200,2200,300,2200,2200
336,72000,300,1200,2200,300,300,1200,2200,300,2200,2200
337,72000,300,1200,2200,300,300,1200,2200,300,2200,2200
338,72000,300,1200,2200,300,300,1200,2200,300,2200,2200
339,72000,300,1200,2200,300,300,1200,2200,300,2200,2200
340,72000,300,1200,2200,300,300,1200,2200,300,2200,2200
341,72000,300,1200,2200,300,300,1200,2200,300,2200,2200
342,72000,300,1200,2200,300,300,1200,2200,300,2200,2200
343,72000,300,1200,2200,300,300,1200,2200,300,2200,2200
344,72000,300,1200,2200,300,300,1200,2200,300,2200,2200
345,72000,300,1200,2200,300,300,1200,2200,300,2200,2200
346,72000,300,1200,2200,300,300,1200,2200,300,2200,2200
347,72000,300,1200,2200,300,300,1200,2200,300,2200,2200
348,72000,300,1200,2200,300,300,1200,2200,300,2200,2200
349,72000,300,1200,2200,300,300,1200,2200,300,2200,2200
350,72000,300,1200,2200,300,300,1200,2200,300,2200,2200
351,72000,300,1200,2200,300,300,1200,2200,300,2200,2200
352,72000,300,1200,2200,300,300,1200,2200,300,2200,2200
353,72000,300,1200,2200,300,300,1200,2200,300,2200,2200
354,72000,300,1200,2200,300,300,1200,2200,300,2200,2200
355,72000,300,1200,2200,300,300,1200,2200,300,2200,2200
356,72000,300,1200,2200,300,300,1200,2200,300,2200,2200
357,72000,300,1200,2200,300,300,1200,2200,300,2200,2200
358,72000,300,1200,2200,300,300,1200,2200,300,2200,2200
359,72000,300,1200,2200,300,300,1200,2200,300,2200,2200
360,72000,300,1200,2200,300,300,1200,2200,300,2200,2200
361,72000,300,1200,2200,300,300,1200,2200,300,2200,2200
362,72000,300,1200,2200,300,300,1200,2200,300,2200,2200
363,72000,300,1200,2200,300,300,1200,2200,300,2200,2200
364,72000,300,1200,2200,300,300,1200,2200,300,2200,2200
365,72000,300,1200,2200,300,300,1200,2200,300,2200,2200
366,72000,300,1200,2200,300,300,1200,2200,300,2200,2200
367,72000,300,1200,2200,300,300,1200,2200,300,2200,2200
368,72000,300,1200,2200,300,300,1200,2200,300,2200,2200
369,72000,300,1200,2200,300,300,1200,2200,300,2200,2200
370,72000,300,1200,2200,300,300,1200,2200,300,2200,2200
371,72000,300,1200,2200,300,300,1200,2200,300,2200,2200
372,72000,300,1200,2200,300,300,1200,2200,300,2200,2200
373,72000,300,1200,2200,300,300,1200,2200,300,2200,2200
374,72000,300,1200,2200,300,300,1200,2200,300,2200,2200
375,72000,300,1200,2200,300,300,1200,2200,300,2200,2200
376,72000,300,1200,2200,300,300,1200,2200,300,2200,2200
377,72000,300,1200,2200,300,300,1200,2200,300,2200,2200
378,72000,300,1200,2200,300,300,1200,2200,300,2200,2200
379,72000,300,1200,2200,300,300,1200,2200,300,2200,2200
380,72000,300,1200,2200,300,300,1200,2200,300,2200,2200
381,72000,300,1200,2200,300,300,1200,2200,300,2200,2200
382,72000,300,1200,2200,300,300,1200,2200,300,2200,2200
383,72000,300,1200,2200,300,300,1200,2200,300,2200,2200
384,72000,300,1200,2200,300,300,1200,2200,300,2200,2200
385,72000,300,1200,2200,300,300,1200,2200,300,2200,2200
386,72000,300,1200,2200,300,300,1200,2200,300,2200,2200
387,72000,300,1200,2200,300,300,1200,2200,300,2200,2200
388,72000,300,1200,2200,300,300,1200,2200,300,2200,2200
389,72000,300,1200,2200,300,300,1200,2200,300,2200,2200
390,72000,300,1200,2200,300,300,1200,2200,300,2200,2200
391,72000,300,1200,2200,300,300,1200,2200,300,2200,2200
392,72000,300,1200,2200,300,300,1200,2200,300,2200,2200
393,72000,300,1200,2200,300,300,1200,2200,300,2200,2200
394,72000,300,1200,2200,300,300,1200,2200,300,2200,2200
395,72000,300,1200,2200,300,300,1200,2200,300,2200,2200
396,72000,300,1200,2200,300,300,1200,2200,300,2200,2200
397,72000,300,1200,2200,300,300,1200,2200,300,2200,2200
398,72000,300,1200,2200,300,300,1200,2200,300,2200,2200
399,72000,300,1200,2200,300,300,1200,2200,300,2200,2200
400,72000,300,1200,2200,300,300,1200,2200,300,2200,2200
401,72000,300,1200,2200,300,300,1200,2200,300,2200,2200
402,72000,300,1200,2200,300,300,1200,2200,300,2200,2200
403,72000,300,1200,2200,300,300,1200,2200,300,2200,2200
404,72000,300,1200,2200,300,300,1200,2200,300,2200,2200
405,72000,300,1200,2200,300,300,1200,2200,300,2200,2200
406,72000,300,1200,2200,300,300,1200,2200,300,2200,2200
407,72000,300,1200,2200,300,300,1200,2200,300,2200,2200
408,72000,300,1200,2200,300,300,1200,2200,300,2200,2200
409,72000,300,1200,2200,300,300,1200,2200,300,2200,2200
410,72000,300,1200,2200,300,300,1200,2200,300,2200,2200
411,72000,300,1200,2200,300,300,1200,2200,300,2200,2200
412,72000,300,1200,2200,300,300,1200,2200,300,2200,2200
413,72000,300,1200,2200,300,300,1200,2200,300,2200,2200
414,72000,300,1200,2200,300,300,1200,2200,300,2200,2200
415,72000,300,1200,2200,300,300,1200,2200,300,2200,2200
416,72000,300,1200,2200,300,300,1200,2200,300,2200,2200
417,72000,300,1200,2200,300,300,1200,2200,300,2200,2200
418,72000,300,1200,2200,300,300,1200,2200,300,2200,2200
419,72000,300,1200,2200,300,300,1200,2200,300,2200,2200
420,72000,300,1200,2200,300,300,1200,2200,300,2200,2200
421,72000,300,1200,2200,300,300,1200,2200,300,2200,2200
422,72000,300,1200,2200,300,300,1200,2200,300,2200,2200
423,72000,300,1200,2200,300,300,1200,2200,300,2200,2200
424,72000,300,1200,2200,300,300,1200,2200,300,2200,2200
425,72000,300,1200,2200,300,300,1200,2200,300,2200,2200
426,72000,300,1200,2200,300,300,1200,2200,300,2200,2200
427,72000,300,1200,2200,300,300,1200,2200,300,2200,2200
428,72000,300,1200,2200,300,300,1200,2200,300,2200,2200
429,72000,300,1200,2200,300,300,1200,2200,300,2200,2200
430,72000,300,1200,2200,300,300,1200,2200,300,2200,2200
431,72000,300,1200,2200,300,300,1200,2200,300,2200,2200
432,72000,300,1200,2200,300,300,1200,2200,300,2200,2200
433,72000,300,1200,2200,300,300,1200,2200,300,2200,2200
434,72000,300,1200,2200,300,300,1200,2200,300,2200,2200
435,72000,300,1200,2200,300,300,1200,2200,300,2200,2200
436,72000,300,1200,2200,300,300,1200,2200,300,2200,2200
437,72000,300,1200,2200,300,300,1200,2200,300,2200,2200
438,72000,300,1200,2200,300,300,1200,2200,300,2200,2200
439,72000,300,1200,2200,300,300,1200,2200,300,2200,2200
440,72000,300,1200,2200,300,300,1200,2200,300,2200,2200
441,72000,300,1200,2200,300,300,1200,2200,300,2200,2200
442,72000,300,1200,2200,300,300,1200,2200,300,2200,2200
443,72000,300,1200,2200,300,300,1200,2200,300,2200,2200
444,72000,300,1200,2200,300,300,1200,2200,300,2200,2200
445,72000,300,1200,2200,300,300,1200,2200,300,2200,2200
446,72000,300,1200,2200,300,300,1200,2200,300,2200,2200
447,72000,300,1200,2200,300,300,1200,2200,300,2200,2200
448,72000,300,1200,2200,300,300,1200,2200,300,2200,2200
449,72000,300,1200,2200,300,300,1200,2200,300,2200,2200
450,72000,300,1200,2200,300,300,1200,2200,300,2200,2200
451,72000,300,1200,2200,300,300,1200,2200,300,2200,2200
452,72000,300,1200,2200,300,300,1200,2200,300,2200,2200
453,72000,300,1200,2200,300,300,1200,2200,300,2200,2200
454,72000,300,1200,2200,300,300,1200,2200,300,2200,2200
455,72000,300,1200,2200,300,300,1200,2200,300,2200,2200
456,72000,300,1200,2200,300,300,1200,2200,300,2200,2200
457,72000,300,1200,2200,300,300,1200,2200,300,2200,2200
458,72000,300,1200,2200,300,300,1200,2200,300,2200,2200
459,72000,300,1200,2200,300,300,1200,2200,300,2200,2200
460,72000,300,1200,2200,300,300,1200,2200,300,2200,2200
461,72000,300,1200,2200,300,300,1200,2200,300,2200,2200
462,72000,300,1200,2200,300,300,1200,2200,300,2200,2200
463,72000,300,1200,2200,300,300,1200,2200,300,2200,2200
464,72000,300,1200,2200,300,300,1200,2200,300,2200,2200
465,72000,300,1200,2200,300,300,1200,2200,300,2200,2200
466,72000,300,1200,2200,300,300,1200,2200,300,2200,2200
467,72000,300,1200,2200,300,300,1200,2200,300,2200,2200
468,72000,300,1200,2200,300,300,1200,2200,300,2200,2200
469,72000,300,1200,2200,300,300,1200,2200,300,2200,2200
470,72000,300,1200,2200,300,300,1200,2200,300,2200,2200
471,72000,300,1200,2200,300,300,1200,2200,300,2200,2200
472,72000,300,1200,2200,300,300,1200,2200,300,2200,2200
473,72000,300,1200,2200,300,300,1200,2200,300,2200,2200
474,72000,300,1200,2200,300,300,1200,2200,300,2200,2200
475,72000,300,1200,2200,300,300,1200,2200,300,2200,2200
476,72000,300,1200,2200,300,300,1200,2200,300,2200,2200
477,72000,300,1200,2200,300,300,1200,2200,300,2200,2200
478,72000,300,1200,2200,300,300,1200,2200,300,2200,2200
479,72000,300,1200,2200,300,300,1200,2200,300,2200,2200
480,72000,300,1200,2200,300,300,1200,2200,300,2200,2200
481,72000,300,1200,2200,300,300,1200,2200,300,2200,2200
482,72000,300,1200,2200,300,300,1200,2200,300,2200,2200
483,72000,300,1200,2200,300,300,1200,2200,300,2200,2200
484,72000,300,1200,2200,300,300,1200,2200,300,2200,2200
485,72000,300,1200,2200,300,300,1200,2200,300,2200,2200
486,72000,300,1200,2200,300,300,1200,2200,300,2200,2200
487,72000,300,1200,2200,300,300,1200,2200,300,2200,2200
488,72000,300,1200,2200,300,300,1200,2200,300,2200,2200
489,72000,300,1200,2200,300,300,1200,2200,300,2200,2200
490,72000,300,1200,2200,300,300,1200,2200,300,2200,2200
491,72000,300,1200,2200,300,300,1200,2200,300,2200,2200
492,72000,300,1200,2200,300,300,1200,2200,300,2200,2200
493,72000,300,1200,2200,300,300,1200,2200,300,2200,2200
494,72000,300,1200,2200,300,300,1200,2200,300,2200,2200
495,72000,300,1200,2200,300,300,1200,2200,300,2200,2200
496,72000,300,1200,2200,300,300,1200,2200,300,2200,2200
497,72000,300,1200,2200,300,300,1200,2200,300,2200,2200
498,72000,300,1200,2200,300,300,1200,2200,300,2200,2200
499,72000,300,1200,2200,300,300,1200,2200,300,2200,2200
500,72000,300,1200,2200,300,300,1200,2200,300,2200,2200
501,72000,300,1200,2200,300,300,1200,2200,300,2200,2200
502,72000,300,1200,2200,300,300,1200,2200,300,2200,2200
503,72000,300,1200,2200,300,300,1200,2200,300,2200,2200
504,72000,300,1200,2200,300,300,1200,2200,300,2200,2200
505,72000,300,1200,2200,300,300,1200,2200,300,2200,2200
506,72000,300,1200,2200,300,300,1200,2200,300,2200,2200
507,72000,300,1200,2200,300,300,1200,2200,300,2200,2200
508,72000,300,1200,2200,300,300,1200,2200,300,2200,2200
509,72000,300,1200,2200,300,300,1200,2200,300,2200,2200
510,72000,300,1200,2200,300,300,1200,2200,300,2200,2200
511,72000,300,1200,2200,300,300,1200,2200,300,2200,2200
512,72000,300,1200,2200,300,300,1200,2200,300,2200,2200
513,72000,300,1200,2200,300,300,1200,2200,300,2200,2200
514,72000,300,1200,2200,300,300,1200,2200,300,2200,2200
515,72000,300,1200,2200,300,300,1200,2200,300,2200,2200
516,72000,300,1200,2200,300,300,1200,2200,300,2200,2200
517,72000,300,1200,2200,300,300,1200,2200,300,2200,2200
518,72000,300,1200,2200,300,300,1200,2200,300,2200,2200
519,72000,300,1200,2200,300,300,1200,2200,300,2200,2200
520,72000,300,1200,2200,300,300,1200,2200,300,2200,2200
521,72000,300,1200,2200,300,300,1200,2200,300,2200,2200
522,72000,300,1200,2200,300,300,1200,2200,300,2200,2200
523,72000,300,1200,2200,300,300,1200,2200,300,2200,2200
524,72000,300,1200,2200,300,300,1200,2200,300,2200,2200
525,72000,300,1200,2200,300,300,1200,2200,300,2200,2200
526,72000,300,1200,2200,300,300,1200,2200,300,2200,2200
527,72000,300,1200,2200,300,300,1200,2200,300,2200,2200
528,72000,300,1200,2200,300,300,1200,2200,300,2200,2200
529,72000,300,1200,2200,300,300,1200,2200,300,2200,2200
530,72000,300,1200,2200,300,300,1200,2200,300,2200,2200
531,72000,300,1200,2200,300,300,1200,2200,300,2200,2200
532,72000,300,1200,2200,300,300,1200,2200,300,2200,2200
533,72000,300,1200,2200,300,300,1200,2200,300,2200,2200
534,72000,300,1200,2200,300,300,1200,2200,300,2200,2200
535,72000,300,1200,2200,300,300,1200,2200,300,2200,2200
536,72000,300,1200,2200,300,300,1200,2200,300,2200,2200
537,72000,300,1200,2200,300,300,1200,2200,300,2200,2200
538,72000,300,1200,2200,300,300,1200,2200,300,2200,2200
539,72000,300,1200,2200,300,300,1200,2200,300,2200,2200
540,72000,300,1200,2200,300,300,1200,2200,300,2200,2200
541,72000,300,1200,2200,300,300,1200,2200,300,2200,2200
542,72000,300,1200,2200,300,300,1200,2200,300,2200,2200
543,72000,300,1200,2200,300,300,1200,2200,300,2200,2200
544,72000,300,1200,2200,300,300,1200,2200,300,2200,2200
545,72000,300,1200,2200,300,300,1200,2200,300,2200,2200
546,72000,300,1200,2200,300,300,1200,2200,300,2200,2200
547,72000,300,1200,2200,300,300,1200,2200,300,2200,2200
548,72000,300,1200,2200,300,300,1200,2200,300,2200,2200
549,72000,300,1200,2200,300,300,1200,2200,300,2200,2200
550,72000,300,1200,2200,300,300,1200,2200,300,2200,2200
551,72000,300,1200,2200,300,300,1200,2200,300,2200,2200
552,72000,300,1200,2200,300,300,1200,2200,300,2200,2200
553,72000,300,1200,2200,300,300,1200,2200,300,2200,2200
554,72000,300,1200,2200,300,300,1200,2200,300,2200,2200
555,72000,300,1200,2200,300,300,1200,2200,300,2200,2200
556,72000,300,1200,2200,300,300,1200,2200,300,2200,2200
557,72000,300,1200,2200,300,300,1200,2200,300,2200,2200
558,72000,300,1200,2200,300,300,1200,2200,300,2200,2200
559,72000,300,1200,2200,300,300,1200,2200,300,2200,2200
560,72000,300,1200,2200,300,300,1200,2200,300,2200,2200
561,72000,300,1200,2200,300,300,1200,2200,300,2200,2200
562,72000,300,1200,2200,300,300,1200,2200,300,2200,2200
563,72000,300,1200,2200,300,300,1200,2200,300,2200,2200
564,72000,300,1200,2200,300,300,1200,2200,300,2200,2200
565,72000,300,1200,2200,300,300,1200,2200,300,2200,2200
566,72000,300,1200,2200,300,300,1200,2200,300,2200,2200
567,72000,300,1200,2200,300,300,1200,2200,300,2200,2200
568,72000,300,1200,2200,300,300,1200,2200,300,2200,2200
569,72000,300,1200,2200,300,300,1200,2200,300,2200,2200
570,72000,300,1200,2200,300,300,1200,2200,300,2200,2200
571,72000,300,1200,2200,300,300,1200,2200,300,2200,2200
572,72000,300,1200,2200,300,300,1200,2200,300,2200,2200
573,72000,300,1200,2200,300,300,1200,2200,300,2200,2200
574,72000,300,1200,2200,300,300,1200,2200,300,2200,2200
575,72000,300,1200,2200,300,300,1200,2200,300,2200,2200
576,72000,300,1200,2200,300,300,1200,2200,300,2200,2200
577,72000,300,1200,2200,300,300,1200,2200,300,2200,2200
578,72000,300,1200,2200,300,300,1200,2200,300,2200,2200
579,72000,300,1200,2200,300,300,1200,2200,300,2200,2200
580,72000,300,1200,2200,300,300,1200,2200,300,2200,2200
581,72000,300,1200,2200,300,300,1200,2200,300,2200,2200
582,72000,300,1200,2200,300,300,1200,2200,300,2200,2200
583,72000,300,1200,2200,300,300,1200,2200,300,2200,2200
584,72000,300,1200,2200,300,300,1200,2200,300,2200,2200
585,72000,300,1200,2200,300,300,1200,2200,300,2200,2200
586,72000,300,1200,2200,300,300,1200,2200,300,2200,2200
587,72000,300,1200,2200,300,300,1200,2200,300,2200,2200
588,72000,300,1200,2200,300,300,1200,2200,300,2200,2200
589,72000,300,1200,2200,300,300,1200,2200,300,2200,2200
590,72000,300,1200,2200,300,300,1200,2200,300,2200,2200
591,72000,300,1200,2200,300,300,1200,2200,300,2200,2200
592,72000,300,1200,2200,300,300,1200,2200,300,2200,2200
593,72000,300,1200,2200,300,300,1200,2200,300,2200,2200
594,72000,300,1200,2200,300,300,1200,2200,300,2200,2200
595,72000,300,1200,2200,300,300,1200,2200,300,2200,2200
596,72000,300,1200,2200,300,300,1200,2200,300,2200,2200
597,72000,300,1200,2200,300,300,1200,2200,300,2200,2200
598,72000,300,1200,2200,300,300,1200,2200,300,2200,2200
599,72000,300,1200,2200,300,300,1200,2200,300,2200,2200
600,72000,300,1200,2200,300,300,1200,2200,300,2200,2200
601,72000,300,1200,2200,300,300,1200,2200,300,2200,2200
602,72000,300,1200,2200,300,300,1200,2200,300,2200,2200
603,72000,300,1200,2200,300,300,1200,2200,300,2200,2200
604,72000,300,1200,2200,300,300,1200,2200,300,2200,2200
605,72000,300,1200,2200,300,300,1200,2200,300,2200,2200
606,72000,300,1200,2200,300,300,1200,2200,300,2200,2200
607,72000,300,1200,2200,300,300,1200,2200,300,2200,2200
608,72000,300,1200,2200,300,300,1200,2200,300,2200,2200
609,72000,300,1200,2200,300,300,1200,2200,300,2200,2200
610,72000,300,1200,2200,300,300,1200,2200,300,2200,2200
611,72000,300,1200,2200,300,300,1200,2200,300,2200,2200
612,72000,300,1200,2200,300,300,1200,2200,300,2200,2200
613,72000,300,1200,2200,300,300,1200,2200,300,2200,2200
614,72000,300,1200,2200,300,300,1200,2200,300,2200,2200
615,72000,300,1200,2200,300,300,1200,2200,300,2200,2200
616,72000,300,1200,2200,300,300,1200,2200,300,2200,2200
617,72000,300,1200,2200,300,300,1200,2200,300,2200,2200
618,72000,300,1200,2200,300,300,1200,2200,300,2200,2200
619,72000,300,1200,2200,300,300,1200,2200,300,2200,2200
620,72000,300,1200,2200,300,300,1200,2200,300,2200,2200
621,72000,300,1200,2200,300,300,1200,2200,300,2200,2200
622,72000,300,1200,2200,300,300,1200,2200,300,2200,2200
623,72000,300,1200,2200,300,300,1200,2200,300,2200,2200
624,72000,300,1200,2200,300,300,1200,2200,300,2200,2200
625,72000,300,1200,2200,300,300,1200,2200,300,2200,2200
626,72000,300,1200,2200,300,300,1200,2200,300,2200,2200
627,72000,300,1200,2200,300,300,1200,2200,300,2200,2200
628,72000,300,1200,2200,300,300,1200,2200,300,2200,2200
629,72000,300,1200,2200,300,300,1200,2200,300,2200,2200
630,72000,300,1200,2200,300,300,1200,2200,300,2200,2200
631,72000,300,1200,2200,300,300,1200,2200,300,2200,2200
632,72000,300,1200,2200,300,300,1200,2200,300,2200,2200
633,72000,300,1200,2200,300,300,1200,2200,300,2200,2200
634,72000,300,1200,2200,300,300,1200,2200,300,2200,2200
635,72000,300,1200,2200,300,300,1200,2200,300,2200,2200
636,72000,300,1200,2200,300,300,1200,2200,300,2200,2200
637,72000,300,1200,2200,300,300,1200,2200,300,2200,2200
638,72000,300,1200,2200,300,300,1200,2200,300,2200,2200
639,72000,300,1200,2200,300,300,1200,2200,300,2200,2200
640,72000,300,1200,2200,300,300,1200,2200,300,2200,2200
641,72000,300,1200,2200,300,300,1200,2200,300,2200,2200
642,72000,300,1200,2200,300,300,1200,2200,300,2200,2200
643,72000,300,1200,2200,300,300,1200,2200,300,2200,2200
644,72000,300,1200,2200,300,300,1200,2200,300,2200,2200
645,72000,300,1200,2200,300,300,1200,2200,300,2200,2200
646,72000,300,1200,2200,300,300,1200,2200,300,2200,2200
647,72000,300,1200,2200,300,300,1200,2200,300,2200,2200
648,72000,300,1200,2200,300,300,1200,2200,300,2200,2200
649,72000,300,1200,2200,300,300,1200,2200,300,2200,2200
650,72000,300,1200,2200,300,300,1200,2200,300,2200,2200
651,72000,300,1200,2200,300,300,1200,2200,300,2200,2200
652,72000,300,1200,2200,300,300,1200,2200,300,2200,2200
653,72000,300,1200,2200,300,300,1200,2200,300,2200,2200
654,72000,300,1200,2200,300,300,1200,2200,300,2200,2200
655,72000,300,1200,2200,300,300,1200,2200,300,2200,2200
656,72000,300,1200,2200,300,300,1200,2200,300,2200,2200
657,72000,300,1200,2200,300,300,1200,2200,300,2200,2200
658,72000,300,1200,2200,300,300,1200,2200,300,2200,2200
659,72000,300,1200,2200,300,300,1200,2200,300,2200,2200
660,72000,300,1200,2200,300,300,1200,2200,300,2200,2200
661,72000,300,1200,2200,300,300,1200,2200,300,2200,2200
662,72000,300,1200,2200,300,300,1200,2200,300,2200,2200
663,72000,300,1200,2200,300,300,1200,2200,300,2200,2200
664,72000,300,1200,2200,300,300,1200,2200,300,2200,2200
665,72000,300,1200,2200,300,300,1200,2200,300,2200,2200
666,72000,300,1200,2200,300,300,1200,2200,300,2200,2200
667,72000,300,1200,2200,300,300,1200,2200,300,2200,2200
668,72000,300,1200,2200,300,300,1200,2200,300,2200,2200
669,72000,300,1200,2200,300,300,1200,2200,300,2200,2200
670,72000,300,1200,2200,300,300,1200,2200,300,2200,2200
671,72000,300,1200,2200,300,300,1200,2200,300,2200,2200
672,72000,300,1200,2200,300,300,1200,2200,300,2200,2200
673,72000,300,1200,2200,300,300,1200,2200,300,2200,2200
674,72000,300,1200,2200,300,300,1200,2200,300,2200,2200
675,72000,300,1200,2200,300,300,1200,2200,300,2200,2200
676,72000,300,1200,2200,300,300,1200,2200,300,2200,2200
677,72000,300,1200,2200,300,300,1200,2200,300,2200,2200
678,72000,300,1200,2200,300,300,1200,2200,300,2200,2200
679,72000,300,1200,2200,300,300,1200,2200,300,2200,2200
680,72000,300,1200,2200,300,300,1200,2200,300,2200,2200
681,72000,300,1200,2200,300,300,1200,2200,300,2200,2200
682,72000,300,1200,2200,300,300,1200,2200,300,2200,2200
683,72000,300,1200,2200,300,300,1200,2200,300,2200,2200
684,72000,300,1200,2200,300,300,1200,2200,300,2200,2200
685,72000,300,1200,2200,300,300,1200,2200,300,2200,2200
686,72000,300,1200,2200,300,300,1200,2200,300,2200,2200
687,72000,300,1200,2200,300,300,1200,2200,300,2200,2200
688,72000,300,1200,2200,300,300,1200,2200,300,2200,2200
689,72000,300,1200,2200,300,300,1200,2200,300,2200,2200
690,72000,300,1200,2200,300,300,1200,2200,300,2200,2200
691,72000,300,1200,2200,300,300,1200,2200,300,2200,2200
692,72000,300,1200,2200,300,300,1200,2200,300,2200,2200
693,72000,300,1200,2200,300,300,1200,2200,300,2200,2200
694,72000,300,1200,2200,300,300,1200,2200,300,2200,2200
695,72000,300,1200,2200,300,300,1200,2200,300,2200,2200
696,72000,300,1200,2200,300,300,1200,2200,300,2200,2200
697,72000,300,1200,2200,300,300,1200,2200,300,2200,2200
698,72000,300,1200,2200,300,300,1200,2200,300,2200,2200
699,72000,300,1200,2200,300,300,1200,2200,300,2200,2200
700,72000,300,1200,2200,300,300,1200,2200,300,2200,2200
701,72000,300,1200,2200,300,300,1200,2200,300,2200,2200
702,72000,300,1200,2200,300,300,1200,2200,300,2200,2200
703,72000,300,1200,2200,300,300,1200,2200,300,2200,2200
704,72000,300,1200,2200,300,300,1200,2200,300,2200,2200
705,72000,300,1200,2200,300,300,1200,2200,300,2200,2200
706,72000,300,1200,2200,300,300,1200,2200,300,2200,2200
707,72000,300,1200,2200,300,300,1200,2200,300,2200,2200
708,72000,300,1200,2200,300,300,1200,2200,300,2200,2200
709,72000,300,1200,2200,300,300,1200,2200,300,2200,2200
710,72000,300,1200,2200,300,300,1200,2200,300,2200,2200
711,72000,300,1200,2200,300,300,1200,2200,300,2200,2200
712,72000,300,1200,2200,300,300,1200,2200,300,2200,2200
713,72000,300,1200,2200,300,300,1200,2200,300,2200,2200
714,72000,300,1200,2200,300,300,1200,2200,300,2200,2200
715,72000,300,1200,2200,300,300,1200,2200,300,2200,2200
716,72000,300,1200,2200,300,300,1200,2200,300,2200,2200
717,72000,300,1200,2200,300,300,1200,2200,300,2200,2200
718,72000,300,1200,2200,300,300,1200,2200,300,2200,2200
719,72000,300,1200,2200,300,300,1200,2200,300,2200,2200
720,72000,300,1200,2200,300,300,1200,2200,300,2200,2200
721,72000,300,1200,2200,300,300,1200,2200,300,2200,2200
722,72000,300,1200,2200,300,300,1200,2200,300,2200,2200
723,72000,300,1200,2200,300,300,1200,2200,300,2200,2200
724,72000,300,1200,2200,300,300,1200,2200,300,2200,2200
725,72000,300,1200,2200,300,300,1200,2200,300,2200,2200
726,72000,300,1200,2200,300,300,1200,2200,300,2200,2200
727,72000,300,1200,2200,300,300,1200,2200,300,2200,2200
728,72000,300,1200,2200,300,300,1200,2200,300,2200,2200
729,72000,300,1200,2200,300,300,1200,2200,300,2200,2200
730,72000,300,1200,2200,300,300,1200,2200,300,2200,2200
731,72000,300,1200,2200,300,300,1200,2200,300,2200,2200
732,72000,300,1200,2200,300,300,1200,2200,300,2200,2200
733,72000,300,1200,2200,300,300,1200,2200,300,2200,2200
734,72000,300,1200,2200,300,300,1200,2200,300,2200,2200
735,72000,300,1200,2200,300,300,1200,2200,300,2200,2200
736,72000,300,1200,2200,300,300,1200,2200,300,2200,2200
737,72000,300,1200,2200,300,300,1200,2200,300,2200,2200
738,72000,300,1200,2200,300,300,1200,2200,300,2200,2200
739,72000,300,1200,2200,300,300,1200,2200,300,2200,2200
740,72000,300,1200,2200,300,300,1200,2200,300,2200,2200
741,72000,300,1200,2200,300,300,1200,2200,300,2200,2200
742,72000,300,1200,2200,300,300,1200,2200,300,2200,2200
743,72000,300,1200,2200,300,300,1200,2200,300,2200,2200
744,72000,300,1200,2200,300,300,1200,2200,300,2200,2200
745,72000,300,1200,2200,300,300,1200,2200,300,2200,2200
746,72000,300,1200,2200,300,300,1200,2200,300,2200,2200
747,72000,300,1200,2200,300,300,1200,2200,300,2200,2200
748,72000,300,1200,2200,300,300,1200,2200,300,2200,2200
749,72000,300,1200,2200,300,300,1200,2200,300,2200,2200
750,72000,300,1200,2200,300,300,1200,2200,300,2200,2200
751,72000,300,1200,2200,300,300,1200,2200,300,2200,2200
752,72000,300,1200,2200,300,300,1200,2200,300,2200,2200
753,72000,300,1200,2200,300,300,1200,2200,300,2200,2200
754,72000,300,1200,2200,300,300,1200,2200,300,2200,2200
755,72000,300,1200,2200,300,300,1200,2200,300,2200,2200
756,72000,300,1200,2200,300,300,1200,2200,300,2200,2200
757,72000,300,1200,2200,300,300,1200,2200,300,2200,2200
758,72000,300,1200,2200,300,300,1200,2200,300,2200,2200
759,72000,300,1200,2200,300,300,1200,2200,300,2200,2200
760,72000,300,1200,2200,300,300,1200,2200,300,2200,2200
761,72000,300,1200,2200,300,300,1200,2200,300,2200,2200
762,72000,300,1200,2200,300,300,1200,2200,300,2200,2200
763,72000,300,1200,2200,300,300,1200,2200,300,2200,2200
764,72000,300,1200,2200,300,300,1200,2200,300,2200,2200
765,72000,300,1200,2200,300,300,1200,2200,300,2200,2200
766,72000,300,1200,2200,300,300,1200,2200,300,2200,2200
767,72000,300,1200,2200,300,300,1200,2200,300,2200,2200
768,72000,300,1200,2200,300,300,1200,2200,300,2200,2200
769,72000,300,1200,2200,300,300,1200,2200,300,2200,2200
770,72000,300,1200,2200,300,300,1200,2200,300,2200,2200
771,72000,300,1200,2200,300,300,1200,2200,300,2200,2200
772,72000,300,1200,2200,300,300,1200,2200,300,2200,2200
773,72000,300,1200,2200,300,300,1200,2200,300,2200,2200
774,72000,300,1200,2200,300,300,1200,2200,300,2200,2200
775,72000,300,1200,2200,300,300,1200,2200,300,2200,2200
776,72000,300,1200,2200,300,300,1200,2200,300,2200,2200
777,72000,300,1200,2200,300,300,1200,2200,300,2200,2200
778,72000,300,1200,2200,300,300,1200,2200,300,2200,2200
779,72000,300,1200,2200,300,300,1200,2200,300,2200,2200
780,72000,300,1200,2200,300,300,1200,2200,300,2200,2200
781,72000,300,1200,2200,300,300,1200,2200,300,2200,2200
782,72000,300,1200,2200,300,300,1200,2200,300,2200,2200
783,72000,300,1200,2200,300,300,1200,2200,300,2200,2200
784,72000,300,1200,2200,300,300,1200,2200,300,2200,2200
785,72000,300,1200,2200,300,300,1200,2200,300,2200,2200
786,72000,300,1200,2200,300,300,1200,2200,300,2200,2200
787,72000,300,1200,2200,300,300,1200,2200,300,2200,2200
788,72000,300,1200,2200,300,300,1200,2200,300,2200,2200
789,72000,300,1200,2200,300,300,1200,2200,300,2200,2200
790,72000,300,1200,2200,300,300,1200,2200,300,2200,2200
791,72000,300,1200,2200,300,300,1200,2200,300,2200,2200
792,72000,300,1200,2200,300,300,1200,2200,300,2200,2200
793,72000,300,1200,2200,300,300,1200,2200,300,2200,2200
794,72000,300,1200,2200,300,300,1200,2200,300,2200,2200
795,72000,300,1200,2200,300,300,1200,2200,300,2200,2200
796,72000,300,1200,2200,300,300,1200,2200,300,2200,2200
797,72000,300,1200,2200,300,300,1200,2200,300,2200,2200
798,72000,300,1200,2200,300,300,1200,2200,300,2200,2200
799,72000,300,1200,2200,300,300,1200,2200,300,2200,2200
800,72000,300,1200,2200,300,300,1200,2200,300,2200,2200
801,72000,300,1200,2200,300,300,1200,2200,300,2200,2200
802,72000,300,1200,2200,300,300,1200,2200,300,2200,2200
803,72000,300,1200,2200,300,300,1200,2200,300,2200,2200
804,72000,300,1200,2200,300,300,1200,2200,300,2200,2200
805,72000,300,1200,2200,300,300,1200,2200,300,2200,2200
806,72000,300,1200,2200,300,300,1200,2200,300,2200,2200
807,72000,300,1200,2200,300,300,1200,2200,300,2200,2200
808,72000,300,1200,2200,300,300,1200,2200,300,2200,2200
809,72000,300,1200,2200,300,300,1200,2200,300,2200,2200
810,72000,300,1200,2200,300,300,1200,2200,300,2200,2200
811,72000,300,1200,2200,300,300,1200,2200,300,2200,2200
812,72000,300,1200,2200,300,300,1200,2200,300,2200,2200
813,72000,300,1200,2200,300,300,1200,2200,300,2200,2200
814,72000,300,1200,2200,300,300,1200,2200,300,2200,2200
815,72000,300,1200,2200,300,300,1200,2200,300,2200,2200
816,72000,300,1200,2200,300,300,1200,2200,300,2200,2200
817,72000,300,1200,2200,300,300,1200,2200,300,2200,2200
818,72000,300,1200,2200,300,300,1200,2200,300,2200,2200
819,72000,300,1200,2200,300,300,1200,2200,300,2200,2200
820,72000,300,1200,2200,300,300,1200,2200,300,2200,2200
821,72000,300,1200,2200,300,300,1200,2200,300,2200,2200
822,72000,300,1200,2200,300,300,1200,2200,300,2200,2200
823,72000,300,1200,2200,300,300,1200,2200,300,2200,2200
824,72000,300,1200,2200,300,300,1200,2200,300,2200,2200
825,72000,300,1200,2200,300,300,1200,2200,300,2200,2200
826,72000,300,1200,2200,300,300,1200,2200,300,2200,2200
827,72000,300,1200,2200,300,300,1200,2200,300,2200,2200
828,72000,300,1200,2200,300,300,1200,2200,300,2200,2200
829,72000,300,1200,2200,300,300,1200,2200,300,2200,2200
830,72000,300,1200,2200,300,300,1200,2200,300,2200,2200
831,72000,300,1200,2200,300,300,1200,2200,300,2200,2200
832,72000,300,1200,2200,300,300,1200,2200,300,2200,2200
833,72000,300,1200,2200,300,300,1200,2200,300,2200,2200
834,72000,300,1200,2200,300,300,1200,2200,300,2200,2200
835,72000,300,1200,2200,300,300,1200,2200,300,2200,2200
836,72000,300,1200,2200,300,300,1200,2200,300,2200,2200
837,72000,300,1200,2200,300,300,1200,2200,300,2200,2200
838,72000,300,1200,2200,300,300,1200,2200,300,2200,2200
839,72000,300,1200,2200,300,300,1200,2200,300,2200,2200
840,72000,300,1200,2200,300,300,1200,2200,300,2200,2200
841,72000,300,1200,2200,300,300,1200,2200,300,2200,2200
842,72000,300,1200,2200,300,300,1200,2200,300,2200,2200
843,72000,300,1200,2200,300,300,1200,2200,300,2200,2200
844,72000,300,1200,2200,300,300,1200,2200,300,2200,2200
845,72000,300,1200,2200,300,300,1200,2200,300,2200,2200
846,72000,300,1200,2200,300,300,1200,2200,300,2200,2200
847,72000,300,1200,2200,300,300,1200,2200,300,2200,2200
848,72000,300,1200,2200,300,300,1200,2200,300,2200,2200
849,72000,300,1200,2200,300,300,1200,2200,300,2200,2200
850,72000,300,1200,2200,300,300,1200,2200,300,2200,2200
851,72000,300,1200,2200,300,300,1200,2200,300,2200,2200
852,72000,300,1200,2200,300,300,1200,2200,300,2200,2200
853,72000,300,1200,2200,300,300,1200,2200,300,2200,2200
854,72000,300,1200,2200,300,300,1200,2200,300,2200,2200
855,72000,300,1200,2200,300,300,1200,2200,300,2200,2200
856,72000,300,1200,2200,300,300,1200,2200,300,2200,2200
857,72000,300,1200,2200,300,300,1200,2200,300,2200,2200
858,72000,300,1200,2200,300,300,1200,2200,300,2200,2200
859,72000,300,1200,2200,300,300,1200,2200,300,2200,2200
860,72000,300,1200,2200,300,300,1200,2200,300,2200,2200
861,72000,300,1200,2200,300,300,1200,2200,300,2200,2200
862,72000,300,1200,2200,300,300,1200,2200,300,2200,2200
863,72000,300,1200,2200,300,300,1200,2200,300,2200,2200
864,72000,300,1200,2200,300,300,1200,2200,300,2200,2200
865,72000,300,1200,2200,300,300,1200,2200,300,2200,2200
866,72000,300,1200,2200,300,300,1200,2200,300,2200,2200
867,72000,300,1200,2200,300,300,1200,2200,300,2200,2200
868,72000,300,1200,2200,300,300,1200,2200,300,2200,2200
869,72000,300,1200,2200,300,300,1200,2200,300,2200,2200
870,72000,300,1200,2200,300,300,1200,2200,300,2200,2200
871,72000,300,1200,2200,300,300,1200,2200,300,2200,2200
872,72000,300,1200,2200,300,300,1200,2200,300,2200,2200
873,72000,300,1200,2200,300,300,1200,2200,300,2200,2200
874,72000,300,1200,2200,300,300,1200,2200,300,2200,2200
875,72000,300,1200,2200,300,300,1200,2200,300,2200,2200
876,72000,300,1200,2200,300,300,1200,2200,300,2200,2200
877,72000,300,1200,2200,300,300,1200,2200,300,2200,2200
878,72000,300,1200,2200,300,300,1200,2200,300,2200,2200
879,72000,300,1200,2200,300,300,1200,2200,300,2200,2200
880,72000,300,1200,2200,300,300,1200,2200,300,2200,2200
881,72000,300,1200,2200,300,300,1200,2200,300,2200,2200
882,72000,300,1200,2200,300,300,1200,2200,300,2200,2200
883,72000,300,1200,2200,300,300,1200,2200,300,2200,2200
884,72000,300,1200,2200,300,300,1200,2200,300,2200,2200
885,72000,300,1200,2200,300,300,1200,2200,300,2200,2200
886,72000,300,1200,2200,300,300,1200,2200,300,2200,2200
887,72000,300,1200,2200,300,300,1200,2200,300,2200,2200
888,72000,300,1200,2200,300,300,1200,2200,300,2200,2200
889,72000,300,1200,2200,300,300,1200,2200,300,2200,2200
890,72000,300,1200,2200,300,300,1200,2200,300,2200,2200
891,72000,300,1200,2200,300,300,1200,2200,300,2200,2200
892,72000,300,1200,2200,300,300,1200,2200,300,2200,2200
893,72000,300,1200,2200,300,300,1200,2200,300,2200,2200
894,72000,300,1200,2200,300,300,1200,2200,300,2200,2200
895,72000,300,1200,2200,300,300,1200,2200,300,2200,2200
896,72000,300,1200,2200,300,300,1200,2200,300,2200,2200
897,72000,300,1200,2200,300,300,1200,2200,300,2200,2200
898,72000,300,1200,2200,300,300,1200,2200,300,2200,2200
899,72000,300,1200,2200,300,300,1200,2200,300,2200,2200
900,72000,300,1200,2200,300,300,1200,2200,300,2200,2200
901,72000,300,1200,2200,300,300,1200,2200,300,2200,2200
902,72000,300,1200,2200,300,300,1200,2200,300,2200,2200
903,72000,300,1200,2200,300,300,1200,2200,300,2200,2200
904,72000,300,1200,2200,300,300,1200,2200,300,2200,2200
905,72000,300,1200,2200,300,300,1200,2200,300,2200,2200
906,72000,300,1200,2200,300,300,1200,2200,300,2200,2200
907,72000,300,1200,2200,300,300,1200,2200,300,2200,2200
908,72000,300,1200,2200,300,300,1200,2200,300,2200,2200
909,72000,300,1200,2200,300,300,1200,2200,300,2200,2200
910,72000,300,1200,2200,300,300,1200,2200,300,2200,2200
911,72000,300,1200,2200,300,300,1200,2200,300,2200,2200
912,72000,300,1200,2200,300,300,1200,2200,300,2200,2200
913,72000,300,1200,2200,300,300,1200,2200,300,2200,2200
914,72000,300,1200,2200,300,300,1200,2200,300,2200,2200
915,72000,300,1200,2200,300,300,1200,2200,300,2200,2200
916,72000,300,1200,2200,300,300,1200,2200,300,2200,2200
917,72000,300,1200,2200,300,300,1200,2200,300,2200,2200
918,72000,300,1200,2200,300,300,1200,2200,300,2200,2200
919,72000,300,1200,2200,300,300,1200,2200,300,2200,2200
920,72000,300,1200,2200,300,300,1200,2200,300,2200,2200
921,72000,300,1200,2200,300,300,1200,2200,300,2200,2200
922,72000,300,1200,2200,300,300,1200,2200,300,2200,2200
923,72000,300,1200,2200,300,300,1200,2200,300,2200,2200
924,72000,300,1200,2200,300,300,1200,2200,300,2200,2200
925,72000,300,1200,2200,300,300,1200,2200,300,2200,2200
926,72000,300,1200,2200,300,300,1200,2200,300,2200,2200
927,72000,300,1200,2200,300,300,1200,2200,300,2200,2200
928,72000,300,1200,2200,300,300,1200,2200,300,2200,2200
929,72000,300,1200,2200,300,300,1200,2200,300,2200,2200
930,72000,300,1200,2200,300,300,1200,2200,300,2200,2200
931,72000,300,1200,2200,300,300,1200,2200,300,2200,2200
932,72000,300,1200,2200,300,300,1200,2200,300,2200,2200
933,72000,300,1200,2200,300,300,1200,2200,300,2200,2200
934,72000,300,1200,2200,300,300,1200,2200,300,2200,2200
935,72000,300,1200,2200,300,300,1200,2200,300,2200,2200
936,72000,300,1200,2200,300,300,1200,2200,300,2200,2200
937,72000,300,1200,2200,300,300,1200,2200,300,2200,2200
938,72000,300,1200,2200,300,300,1200,2200,300,2200,2200
939,72000,300,1200,2200,300,300,1200,2200,300,2200,2200
940,72000,300,1200,2200,300,300,1200,2200,300,2200,2200
941,72000,300,1200,2200,300,300,1200,2200,300,2200,2200
942,72000,300,1200,2200,300,300,1200,2200,300,2200,2200
943,72000,300,1200,2200,300,300,1200,2200,300,2200,2200
944,72000,300,1200,2200,300,300,1200,2200,300,2200,2200
945,72000,300,1200,2200,300,300,1200,2200,300,2200,2200
946,72000,300,1200,2200,300,300,1200,2200,300,2200,2200
947,72000,300,1200,2200,300,300,1200,2200,300,2200,2200
948,72000,300,1200,2200,300,300,1200,2200,300,2200,2200
949,72000,300,1200,2200,300,300,1200,2200,300,2200,2200
950,72000,300,1200,2200,300,300,1200,2200,300,2200,2200
951,72000,300,1200,2200,300,300,1200,2200,300,2200,2200
952,72000,300,1200,2200,300,300,1200,2200,300,2200,2200
953,72000,300,1200,2200,300,300,1200,2200,300,2200,2200
954,72000,300,1200,2200,300,300,1200,2200,300,2200,2200
955,72000,300,1200,2200,300,300,1200,2200,300,2200,2200
956,72000,300,1200,2200,300,300,1200,2200,300,2200,2200
957,72000,300,1200,2200,300,300,1200,2200,300,2200,2200
958,72000,300,1200,2200,300,300,1200,2200,300,2200,2200
959,72000,300,1200,2200,300,300,1200,2200,300,2200,2200
960,72000,300,1200,2200,300,300,1200,2200,300,2200,2200
961,72000,300,1200,2200,300,300,1200,2200,300,2200,2200
962,72000,300,1200,2200,300,300,1200,2200,300,2200,2200
963,72000,300,1200,2200,300,300,1200,2200,300,2200,2200
964,72000,300,1200,2200,300,300,1200,2200,300,2200,2200
965,72000,300,1200,2200,300,300,1200,2200,300,2200,2200
966,72000,300,1200,2200,300,300,1200,2200,300,2200,2200
967,72000,300,1200,2200,300,300,1200,2200,300,2200,2200
968,72000,300,1200,2200,300,300,1200,2200,300,2200,2200
969,72000,300,1200,2200,300,300,1200,2200,300,2200,2200
970,72000,300,1200,2200,300,300,1200,2200,300,2200,2200
971,72000,300,1200,2200,300,300,1200,2200,300,2200,2200
972,72000,300,1200,2200,300,300,1200,2200,300,2200,2200
973,72000,300,1200,2200,300,300,1200,2200,300,2200,2200
974,72000,300,1200,2200,300,300,1200,2200,300,2200,2200
975,72000,300,1200,2200,300,300,1200,2200,300,2200,2200
976,72000,300,1200,2200,300,300,1200,2200,300,2200,2200
977,72000,300,1200,2200,300,300,1200,2200,300,2200,2200
978,72000,300,1200,2200,300,300,1200,2200,300,2200,2200
979,72000,300,1200,2200,300,300,1200,2200,300,2200,2200
980,72000,300,1200,2200,300,300,1200,2200,300,2200,2200
981,72000,300,1200,2200,300,300,1200,2200,300,2200,2200
982,72000,300,1200,2200,300,300,1200,2200,300,2200,2200
983,72000,300,1200,2200,300,300,1200,2200,300,2200,2200
984,72000,300,1200,2200,300,300,1200,2200,300,2200,2200
985,72000,300,1200,2200,300,300,1200,2200,300,2200,2200
986,72000,300,1200,2200,300,300,1200,2200,300,2200,2200
987,72000,300,1200,2200,300,300,1200,2200,300,2200,2200
988,72000,300,1200,2200,300,300,1200,2200,300,2200,2200
989,72000,300,1200,2200,300,300,1200,2200,300,2200,2200
990,72000,300,1200,2200,300,300,1200,2200,300,2200,2200
991,72000,300,1200,2200,300,300,1200,2200,300,2200,2200
992,72000,300,1200,2200,300,300,1200,2200,300,2200,2200
993,72000,300,1200,2200,300,300,1200,2200,300,2200,2200
994,72000,300,1200,2200,300,300,1200,2200,300,2200,2200
995,72000,300,1200,2200,300,300,1200,2200,300,2200,2200
996,72000,300,1200,2200,300,300,1200,2200,300,2200,2200
997,72000,300,1200,2200,300,300,1200,2200,300,2200,2200
998,72000,300,1200,2200,300,300,1200,2200,300,2200,2200
