ItemOrder:int,ItemName:string,ItemPrice:string,Golddquantity:int,ItemInfo:string,Bonus:string,BonusItem:int,ItemIcon:string
1,30000金币,1_3|2_30,30000,购买3万金币加赠3万金币,1_100,0,100101
2,60000金币,1_6|2_60,60000,购买6万金币加赠3万金币,1_50,0,100101
3,120000金币,1_12|2_120,120000,购买12万金币加赠3万金币,1_25,0,100101
4,180000金币,1_18|2_180,180000,购买18万金币,0,0,100101
5,300000金币,1_30|2_300,300000,购买30万金币,0,0,100101
6,500000金币,1_50|2_500,500000,购买50万金币,0,0,100101
7,980000金币,1_98|2_980,980000,购买98万金币,0,0,100101
8,2980000金币,1_298|2_2980,2980000,购买298万金币,0,0,100101
9,4880000金币,1_488|2_4880,4880000,购买488万金币,0,0,100101
