Type:byte,Key:int,Value:string
1,10001,赵
1,10002,钱
1,10003,孙
1,10004,李
1,10005,周
1,10006,吴
1,10007,郑
1,10008,王
1,10009,冯
1,10010,陈
1,10011,楮
1,10012,卫
1,10013,蒋
1,10014,沈
1,10015,韩
1,10016,杨
1,10017,朱
1,10018,秦
1,10019,尤
1,10020,许
1,10021,何
1,10022,吕
1,10023,施
1,10024,张
1,10025,孔
1,10026,曹
1,10027,严
1,10028,华
1,10029,金
1,10030,魏
1,10031,陶
1,10032,姜
1,10033,戚
1,10034,谢
1,10035,邹
1,10036,喻
1,10037,柏
1,10038,水
1,10039,窦
1,10040,章
1,10041,云
1,10042,苏
1,10043,潘
1,10044,葛
1,10045,奚
1,10046,范
1,10047,彭
1,10048,郎
1,10049,鲁
1,10050,韦
1,10051,昌
1,10052,马
1,10053,苗
1,10054,凤
1,10055,花
1,10056,方
1,10057,俞
1,10058,任
1,10059,袁
1,10060,柳
1,10061,酆
1,10062,鲍
1,10063,史
1,10064,唐
1,10065,费
1,10066,廉
1,10067,岑
1,10068,薛
1,10069,雷
1,10070,贺
1,10071,倪
1,10072,汤
1,10073,滕
1,10074,殷
1,10075,罗
1,10076,毕
1,10077,郝
1,10078,邬
1,10079,安
1,10080,常
1,10081,乐
1,10082,于
1,10083,时
1,10084,傅
1,10085,皮
1,10086,卞
1,10087,齐
1,10088,康
1,10089,伍
1,10090,余
1,10091,元
1,10092,卜
1,10093,顾
1,10094,孟
1,10095,平
1,10096,黄
1,10097,和
1,10098,穆
1,10099,萧
1,10100,尹
1,10101,姚
1,10102,邵
1,10103,湛
1,10104,汪
1,10105,祁
1,10106,毛
1,10107,禹
1,10108,狄
1,10109,米
1,10110,贝
1,10111,明
1,10112,臧
1,10113,计
1,10114,伏
1,10115,成
1,10116,戴
1,10117,谈
1,10118,宋
1,10119,茅
1,10120,庞
1,10121,熊
1,10122,纪
1,10123,舒
1,10124,屈
1,10125,项
1,10126,祝
1,10127,董
1,10128,梁
1,10129,杜
1,10130,阮
1,10131,蓝
1,10132,闽
1,10133,席
1,10134,季
1,10135,麻
1,10136,强
1,10137,贾
1,10138,路
1,10139,娄
1,10140,危
1,10141,江
1,10142,童
1,10143,颜
1,10144,郭
1,10145,梅
1,10146,盛
1,10147,林
1,10148,刁
1,10149,锺
1,10150,徐
1,10151,丘
1,10152,骆
1,10153,高
1,10154,夏
1,10155,蔡
1,10156,田
1,10157,樊
1,10158,胡
1,10159,凌
1,10160,霍
1,10161,虞
1,10162,万
1,10163,支
1,10164,柯
1,10165,昝
1,10166,管
1,10167,卢
1,10168,莫
1,10169,经
1,10170,丁
1,10171,包
1,10172,程
1,10173,荀
1,10174,芮
1,10175,井
1,10176,牧
1,10177,全
1,10178,宁
1,10179,祖
1,10180,叶
1,10181,印
1,10182,索
1,10183,池
1,10184,闻
1,10185,姬
1,10186,边
1,10187,温
1,10188,慕
1,10189,向
1,10190,暨
1,10191,匡
1,10192,欧
1,10193,师
1,10194,冷
1,10195,曾
1,10196,巢
1,10197,游
1,10198, 万俟
1,10199,夏侯
1,10200,赫连
1,10201,澹台
1,10202,淳于
1,10203,公孙
1,10204,锺离
1,10205,鲜于
1,10206,丌官
1,10207,颛孙
1,10208,漆雕
1,10209,拓拔
1,10210,晋
1,10211,段干
1,10212,呼延
1,10213,岳
1,10214,梁丘
1,10215,商
1,10216,墨
1,10217,房
1,10218,宣
1,10219,诸
1,10220,嵇
1,10221,羊
1,10222,羿
1,10223,段
1,10224,隗
1,10225,郗
1,10226,仇
1,10227,武
1,10228,幸
1,10229,宿
1,10230,咸
1,10231,乔
1,10232,莘
1,10233,申
1,10234,璩
1,10235,扈
1,10236,别
1,10237,连
1,10238,古
1,10239,居
1,10240,国
1,10241,殳
1,10242,巩
1,10243,訾
1,10244,毋
1,10245,关
1,10246,竺
1,10247,司马
1,10248,诸葛
1,10249,皇甫
1,10250,公冶
1,10251,单于
1,10252,仲孙
1,10253,宇文
1,10254,闾丘
1,10255,司寇
1,10256,端木
1,10257,乐正
1,10258,夹谷
1,10259,楚
1,10260,百里
1,10261,归
1,10262,帅
1,10263,左丘
1,10264,牟
1,10265,哈
1,10266,裘
1,10267,贲
1,10268,左
1,10269,邢
1,10270,於
1,10271,储
1,10272,富
1,10273,山
1,10274,班
1,10275,栾
1,10276,符
1,10277,司
1,10278,白
1,10279,籍
1,10280,阴
1,10281,党
1,10282,扶
1,10283,桑
1,10284,燕
1,10285,庄
1,10286,茹
1,10287,易
1,10288,衡
1,10289,文
1,10290,沃
1,10291,厍
1,10292,辛
1,10293,沙
1,10294,蒯
1,10295,权
1,10296,上官
1,10297,闻人
1,10298,尉迟
1,10299,宗政
1,10300,太叔
1,10301,轩辕
1,10302,长孙
1,10303,司徒
1,10304,仉督
1,10305,巫马
1,10306,壤驷
1,10307,宰父
1,10308,阎
1,10309,东郭
1,10310,海
1,10311,缑
1,10312,东门
1,10313,佘
1,10314,谯
1,10315,缪
1,10316,邓
1,10317,石
1,10318,滑
1,10319,惠
1,10320,靳
1,10321,巫
1,10322,谷
1,10323,仰
1,10324,暴
1,10325,刘
1,10326,韶
1,10327,怀
1,10328,赖
1,10329,郁
1,10330,翟
1,10331,堵
1,10332,桂
1,10333,冀
1,10334,晏
1,10335,习
1,10336,慎
1,10337,步
1,10338,寇
1,10339,利
1,10340,聂
1,10341,阚
1,10342,乜
1,10343,相
1,10344,逑
1,10345,欧阳
1,10346,东方
1,10347,公羊
1,10348,濮阳
1,10349,申屠
1,10350,令狐
1,10351,慕容
1,10352,司空
1,10353,子车
1,10354,公西
1,10355,公良
1,10356,谷梁
1,10357,法
1,10358,南门
1,10359,羊舌
1,10360,亢
1,10361,西门
1,10362,佴
1,10363,笪
1,10364,干
1,10365,崔
1,10366,裴
1,10367,甄
1,10368,汲
1,10369,乌
1,10370,车
1,10371,秋
1,10372,甘
1,10373,景
1,10374,郜
1,10375,蒲
1,10376,卓
1,10377,胥
1,10378,谭
1,10379,冉
1,10380,濮
1,10381,郏
1,10382,柴
1,10383,宦
1,10384,戈
1,10385,都
1,10386,广
1,10387,蔚
1,10388,晁
1,10389,那
1,10390,养
1,10391,查
1,10392,盖
1,10393,解
1,10394,单
1,10395,吉
1,10396,陆
1,10397,邴
1,10398,焦
1,10399,侯
1,10400,仲
1,10401,斜
1,10402,詹
1,10403,黎
1,10404,邰
1,10405,蔺
1,10406,能
1,10407,贡
1,10408,宰
1,10409,牛
1,10410,浦
1,10411,瞿
1,10412,艾
1,10413,廖
1,10414,耿
1,10415,禄
1,10416,越
1,10417,勾
1,10418,简
1,10419,鞠
1,10420,后
1,10421,益
1,10422,应
1,10423,杭
1,10424,钮
1,10425,荣
1,10426,家
1,10427,糜
1,10428,巴
1,10429,宓
1,10430,伊
1,10431,厉
1,10432,束
1,10433,蓟
1,10434,从
1,10435,屠
1,10436,苍
1,10437,劳
1,10438,郦
1,10439,寿
1,10440,尚
1,10441,鱼
1,10442,庾
1,10443,满
1,10444,阙
1,10445,夔
1,10446,敖
1,10447,饶
1,10448,须
1,10449,荆
1,10450,桓
1,10451,宗
1,10452,洪
1,10453,龚
1,10454,翁
1,10455,封
1,10456,松
1,10457,弓
1,10458,蓬
1,10459,宫
1,10460,戎
1,10461,龙
1,10462,薄
1,10463,鄂
1,10464,蒙
1,10465,双
1,10466,逄
1,10467,雍
1,10468,通
1,10469,农
1,10470,充
1,10471,容
1,10472,终
1,10473,弘
1,10474,东
1,10475,隆
1,10476,融
1,10477,空
1,10478,丰
1,10479,红
1,10480,公
1,10481,汝
1,10482,鄢
1,10483,涂
1,10484,钦
1,10485,况
1,10486,有
1,10487,琴
1,10488,伯
1,10489,赏
1,10490,南宫
1,10491,年
1,10492,爱
1,10493,阳
1,10494,佟
2,20001,越泽
2,20002,锦程
2,20003,修杰
2,20004,烨伟
2,20005,尔曼
2,20006,立辉
2,20007,致远
2,20008,天思
2,20009,友绿
2,20010,聪健
2,20011,修洁
2,20012,访琴
2,20013,初彤
2,20014,谷雪
2,20015,平灵
2,20016,源智
2,20017,烨华
2,20018,振家
2,20019,越彬
2,20020,子轩
2,20021,伟宸
2,20022,晋鹏
2,20023,觅松
2,20024,海亦
2,20025,雨珍
2,20026,浩宇
2,20027,嘉熙
2,20028,志泽
2,20029,苑博
2,20030,念波
2,20031,峻熙
2,20032,俊驰
2,20033,聪展
2,20034,南松
2,20035,问旋
2,20036,黎昕
2,20037,谷波
2,20038,凝海
2,20039,靖易
2,20040,芷烟
2,20041,渊思
2,20042,煜祺
2,20043,乐驹
2,20044,风华
2,20045,睿渊
2,20046,博超
2,20047,天磊
2,20048,夜白
2,20049,初晴
2,20050,瑾瑜
2,20051,鹏飞
2,20052,弘文
2,20053,伟泽
2,20054,迎松
2,20055,雨泽
2,20056,鹏笑
2,20057,诗云
2,20058,白易
2,20059,远航
2,20060,笑白
2,20061,映波
2,20062,代桃
2,20063,晓啸
2,20064,智宸
2,20065,晓博
2,20066,靖琪
2,20067,十八
2,20068,君浩
2,20069,绍辉
2,20070,冷安
2,20071,盼旋
2,20072,秋白
2,20073,天德
2,20074,铁身
2,20075,老黑
2,20076,半邪
2,20077,半山
2,20078,一江
2,20079,冰安
2,20080,皓轩
2,20081,子默
2,20082,熠彤
2,20083,青寒
2,20084,烨磊
2,20085,愚志
2,20086,飞风
2,20087,问筠
2,20088,旭尧
2,20089,妙海
2,20090,平文
2,20091,冷之
2,20092,尔阳
2,20093,天宇
2,20094,正豪
2,20095,文博
2,20096,明辉
2,20097,行恶
2,20098,哲瀚
2,20099,子骞
2,20100,泽洋
2,20101,灵竹
2,20102,幼旋
2,20103,百招
2,20104,不斜
2,20105,擎汉
2,20106,千万
2,20107,高烽
2,20108,大开
2,20109,不正
2,20110,伟帮
2,20111,如豹
2,20112,三德
2,20113,三毒
2,20114,连虎
2,20115,十三
2,20116,酬海
2,20117,天川
2,20118,一德
2,20119,复天
2,20120,牛青
2,20121,羊青
2,20122,大楚
2,20123,傀斗
2,20124,老五
2,20125,老九
2,20126,定帮
2,20127,自中
2,20128,开山
2,20129,似狮
2,20130,无声
2,20131,一手
2,20132,严青
2,20133,老四
2,20134,不可
2,20135,随阴
2,20136,大有
2,20137,中恶
2,20138,延恶
2,20139,百川
2,20140,世倌
2,20141,连碧
2,20142,岱周
2,20143,擎苍
2,20144,思远
2,20145,嘉懿
2,20146,鸿煊
2,20147,笑天
2,20148,晟睿
2,20149,强炫
2,20150,寄灵
2,20151,听白
2,20152,鸿涛
2,20153,孤风
2,20154,青文
2,20155,盼秋
2,20156,怜烟
2,20157,浩然
2,20158,明杰
2,20159,昊焱
2,20160,伟诚
2,20161,剑通
2,20162,鹏涛
2,20163,鑫磊
2,20164,醉薇
2,20165,尔蓝
2,20166,靖仇
2,20167,成风
2,20168,豪英
2,20169,若风
2,20170,难破
2,20171,德地
2,20172,无施
2,20173,追命
2,20174,成协
2,20175,人达
2,20176,亿先
2,20177,不评
2,20178,成威
2,20179,成败
2,20180,难胜
2,20181,人英
2,20182,忘幽
2,20183,世德
2,20184,世平
2,20185,广山
2,20186,德天
2,20187,人雄
2,20188,人杰
2,20189,不言
2,20190,难摧
2,20191,世立
2,20192,老三
2,20193,若之
2,20194,成危
2,20195,元龙
2,20196,成仁
2,20197,若剑
2,20198,难敌
2,20199,浩阑
2,20200,士晋
2,20201,铸海
2,20202,人龙
2,20203,伯云
2,20204,老头
2,20205,南风
2,20206,擎宇
2,20207,浩轩
2,20208,煜城
2,20209,博涛
2,20210,问安
2,20211,烨霖
2,20212,天佑
2,20213,明雪
2,20214,书芹
2,20215,半雪
2,20216,伟祺
2,20217,从安
2,20218,寻菡
2,20219,秋寒
2,20220,谷槐
2,20221,文轩
2,20222,立诚
2,20223,立果
2,20224,明轩
2,20225,楷瑞
2,20226,炎彬
2,20227,鹏煊
2,20228,幼南
2,20229,沛山
2,20230,不尤
2,20231,道天
2,20232,剑愁
2,20233,千筹
2,20234,广缘
2,20235,天奇
2,20236,道罡
2,20237,远望
2,20238,乘风
2,20239,剑心
2,20240,道之
2,20241,乘云
2,20242,绝施
2,20243,冥幽
2,20244,天抒
2,20245,剑成
2,20246,士萧
2,20247,文龙
2,20248,一鸣
2,20249,剑鬼
2,20250,半仙
2,20251,万言
2,20252,剑封
2,20253,远锋
2,20254,天与
2,20255,元正
2,20256,世开
2,20257,不凡
2,20258,断缘
2,20259,中道
2,20260,绝悟
2,20261,道消
2,20262,断秋
2,20263,远山
2,20264,蓝血
2,20265,无招
2,20266,无极
2,20267,鬼神
2,20268,满天
2,20269,飞扬
2,20270,醉山
2,20271,语堂
2,20272,懿轩
2,20273,雅阳
2,20274,鑫鹏
2,20275,文昊
2,20276,松思
2,20277,水云
2,20278,山柳
2,20279,荣轩
2,20280,绮彤
2,20281,沛白
2,20282,慕蕊
2,20283,觅云
2,20284,鹭洋
2,20285,立轩
2,20286,金鑫
2,20287,健柏
2,20288,建辉
2,20289,鹤轩
2,20290,昊强
2,20291,凡梦
2,20292,代丝
2,20293,远侵
2,20294,一斩
2,20295,一笑
2,20296,一刀
2,20297,行天
2,20298,无血
2,20299,无剑
2,20300,无敌
2,20301,万怨
2,20302,万天
2,20303,万声
2,20304,万恶
2,20305,万仇
2,20306,天问
2,20307,天寿
2,20308,送终
2,20309,山河
2,20310,三问
2,20311,如花
2,20312,灭龙
2,20313,聋五
2,20314,绝义
2,20315,绝山
2,20316,剑身
2,20317,浩天
2,20318,非笑
2,20319,恶天
2,20320,断天
2,20321,仇血
2,20322,仇天
2,20323,沧海
2,20324,不二
2,20325,碧空
2,20326,半鬼
2,20327,文涛
2,20328,晓刚
2,20329,洪纲
2,20330,砖家
2,20331,叫兽
2,20332,傀儡
2,20333,安邦
2,20334,安福
2,20335,安歌
2,20336,安国
2,20337,安和
2,20338,安康
2,20339,安澜
2,20340,安民
2,20341,安宁
2,20342,安平
2,20343,安然
2,20344,安顺
2,20345,安翔
2,20346,安晏
2,20347,安宜
2,20348,安怡
2,20349,安易
2,20350,安志
2,20351,昂然
2,20352,昂雄
2,20353,宾白
2,20354,宾鸿
2,20355,宾实
2,20356,彬彬
2,20357,彬炳
2,20358,彬郁
2,20359,斌斌
2,20360,斌蔚
2,20361,滨海
2,20362,波光
2,20363,波鸿
2,20364,波峻
2,20365,波涛
2,20366,博瀚
2,20367,博达
2,20368,博厚
2,20369,博简
2,20370,博明
2,20371,博容
2,20372,博赡
2,20373,博涉
2,20374,博实
2,20375,博文
2,20376,博学
2,20377,博雅
2,20378,博延
2,20379,博艺
2,20380,博易
2,20381,博裕
2,20382,博远
2,20383,才捷
2,20384,才良
2,20385,才艺
2,20386,才英
2,20387,才哲
2,20388,才俊
2,20389,成和
2,20390,成弘
2,20391,成化
2,20392,成济
2,20393,成礼
2,20394,成龙
2,20395,成双
2,20396,成天
2,20397,成文
2,20398,成业
2,20399,成益
2,20400,成荫
2,20401,成周
2,20402,承安
2,20403,承弼
2,20404,承德
2,20405,承恩
2,20406,承福
2,20407,承基
2,20408,承教
2,20409,承平
2,20410,承嗣
2,20411,承天
2,20412,承望
2,20413,承宣
2,20414,承颜
2,20415,承业
2,20416,承悦
2,20417,承允
2,20418,承运
2,20419,承载
2,20420,承泽
2,20421,承志
2,20422,德本
2,20423,德海
2,20424,德厚
2,20425,德华
2,20426,德辉
2,20427,德惠
2,20428,德容
2,20429,德润
2,20430,德寿
2,20431,德水
2,20432,德馨
2,20433,德曜
2,20434,德业
2,20435,德义
2,20436,德庸
2,20437,德佑
2,20438,德宇
2,20439,德元
2,20440,德运
2,20441,德泽
2,20442,德明
2,20443,飞昂
2,20444,飞白
2,20445,飞飙
2,20446,飞掣
2,20447,飞尘
2,20448,飞沉
2,20449,飞驰
2,20450,飞光
2,20451,飞翰
2,20452,飞航
2,20453,飞翮
2,20454,飞鸿
2,20455,飞虎
2,20456,飞捷
2,20457,飞龙
2,20458,飞鸾
2,20459,飞鸣
2,20460,飞鹏
2,20461,飞文
2,20462,飞翔
2,20463,飞星
2,20464,飞翼
2,20465,飞英
2,20466,飞宇
2,20467,飞羽
2,20468,飞雨
2,20469,飞语
2,20470,飞跃
2,20471,飞章
2,20472,飞舟
2,20473,丰茂
2,20474,丰羽
2,20475,刚豪
2,20476,刚洁
2,20477,刚捷
2,20478,刚毅
2,20479,高昂
2,20480,高岑
2,20481,高畅
2,20482,高超
2,20483,高驰
2,20484,高达
2,20485,高澹
2,20486,高飞
2,20487,高芬
2,20488,高峯
2,20489,高峰
2,20490,高歌
2,20491,高格
2,20492,高寒
2,20493,高翰
2,20494,高杰
2,20495,高洁
2,20496,高峻
2,20497,高朗
2,20498,高丽
2,20499,高邈
2,20500,高旻
2,20501,高明
2,20502,高爽
2,20503,高兴
2,20504,高轩
2,20505,高雅
2,20506,高扬
2,20507,高阳
2,20508,高义
2,20509,高谊
2,20510,高逸
2,20511,高懿
2,20512,高原
2,20513,高远
2,20514,高韵
2,20515,高卓
2,20516,光赫
2,20517,光华
2,20518,光辉
2,20519,光济
2,20520,光霁
2,20521,光亮
2,20522,光临
2,20523,光明
2,20524,光启
2,20525,光熙
2,20526,光耀
2,20527,光誉
2,20528,光远
2,20529,国安
2,20530,国兴
2,20531,国源
2,20532,冠宇
2,20533,冠玉
2,20534,晗昱
2,20535,晗日
2,20536,涵畅
2,20537,涵涤
2,20538,涵亮
2,20539,涵忍
2,20540,涵容
2,20541,涵润
2,20542,涵涵
2,20543,涵煦
2,20544,涵蓄
2,20545,涵衍
2,20546,涵意
2,20547,涵映
2,20548,涵育
2,20549,翰采
2,20550,翰池
2,20551,翰飞
2,20552,翰海
2,20553,翰翮
2,20554,翰林
2,20555,翰墨
2,20556,翰学
2,20557,翰音
2,20558,翰藻
2,20559,瀚海
2,20560,瀚漠
2,20561,昊苍
2,20562,昊昊
2,20563,昊空
2,20564,昊乾
2,20565,昊穹
2,20566,昊然
2,20567,昊天
2,20568,昊英
2,20569,浩波
2,20570,浩博
2,20571,浩初
2,20572,浩大
2,20573,浩宕
2,20574,浩荡
2,20575,浩歌
2,20576,浩广
2,20577,浩瀚
2,20578,浩浩
2,20579,浩慨
2,20580,浩旷
2,20581,浩阔
2,20582,浩漫
2,20583,浩淼
2,20584,浩渺
2,20585,浩邈
2,20586,浩气
2,20587,浩穰
2,20588,浩壤
2,20589,浩思
2,20590,浩言
2,20591,和蔼
2,20592,和安
2,20593,和璧
2,20594,和昶
2,20595,和畅
2,20596,和风
2,20597,和歌
2,20598,和光
2,20599,和平
2,20600,和洽
2,20601,和惬
2,20602,和顺
2,20603,和硕
2,20604,和颂
2,20605,和泰
2,20606,和悌
2,20607,和通
2,20608,和同
2,20609,和煦
2,20610,和雅
2,20611,和宜
2,20612,和怡
2,20613,和玉
2,20614,和裕
2,20615,和豫
2,20616,和悦
2,20617,和韵
2,20618,和泽
2,20619,和正
2,20620,和志
2,20621,弘博
2,20622,弘大
2,20623,弘方
2,20624,弘光
2,20625,弘和
2,20626,弘厚
2,20627,弘化
2,20628,弘济
2,20629,弘阔
2,20630,弘亮
2,20631,弘量
2,20632,弘深
2,20633,弘盛
2,20634,弘图
2,20635,弘伟
2,20636,弘新
2,20637,弘雅
2,20638,弘扬
2,20639,弘业
2,20640,弘义
2,20641,弘益
2,20642,弘毅
2,20643,弘懿
2,20644,弘致
2,20645,弘壮
2,20646,宏伯
2,20647,宏博
2,20648,宏才
2,20649,宏畅
2,20650,宏达
2,20651,宏大
2,20652,宏放
2,20653,宏富
2,20654,宏峻
2,20655,宏浚
2,20656,宏恺
2,20657,宏旷
2,20658,宏阔
2,20659,宏朗
2,20660,宏茂
2,20661,宏邈
2,20662,宏儒
2,20663,宏深
2,20664,宏胜
2,20665,宏盛
2,20666,宏爽
2,20667,宏硕
2,20668,宏伟
2,20669,宏扬
2,20670,宏义
2,20671,宏逸
2,20672,宏毅
2,20673,宏远
2,20674,宏壮
2,20675,鸿宝
2,20676,鸿波
2,20677,鸿博
2,20678,鸿才
2,20679,鸿彩
2,20680,鸿畅
2,20681,鸿畴
2,20682,鸿达
2,20683,鸿德
2,20684,鸿飞
2,20685,鸿风
2,20686,鸿福
2,20687,鸿光
2,20688,鸿晖
2,20689,鸿朗
2,20690,鸿文
2,20691,鸿熙
2,20692,鸿羲
2,20693,鸿禧
2,20694,鸿信
2,20695,鸿轩
2,20696,鸿雪
2,20697,鸿羽
2,20698,鸿远
2,20699,鸿云
2,20700,鸿运
2,20701,鸿哲
2,20702,鸿祯
2,20703,鸿振
2,20704,鸿志
2,20705,鸿卓
2,20706,华奥
2,20707,华采
2,20708,华彩
2,20709,华灿
2,20710,华藏
2,20711,华池
2,20712,华翰
2,20713,华皓
2,20714,华晖
2,20715,华辉
2,20716,华茂
2,20717,华美
2,20718,华清
2,20719,华荣
2,20720,华容
2,20721,嘉赐
2,20722,嘉德
2,20723,嘉福
2,20724,嘉良
2,20725,嘉茂
2,20726,嘉木
2,20727,嘉慕
2,20728,嘉纳
2,20729,嘉年
2,20730,嘉平
2,20731,嘉庆
2,20732,嘉荣
2,20733,嘉容
2,20734,嘉瑞
2,20735,嘉胜
2,20736,嘉石
2,20737,嘉实
2,20738,嘉树
2,20739,嘉澍
2,20740,嘉禧
2,20741,嘉祥
2,20742,嘉歆
2,20743,嘉许
2,20744,嘉勋
2,20745,嘉言
2,20746,嘉谊
2,20747,嘉颖
2,20748,嘉佑
2,20749,嘉玉
2,20750,嘉誉
2,20751,嘉悦
2,20752,嘉运
2,20753,嘉泽
2,20754,嘉珍
2,20755,嘉祯
2,20756,嘉志
2,20757,嘉致
2,20758,坚白
2,20759,坚壁
2,20760,坚秉
2,20761,坚成
2,20762,坚诚
2,20763,建安
2,20764,建白
2,20765,建柏
2,20766,建本
2,20767,建弼
2,20768,建德
2,20769,建华
2,20770,建明
2,20771,建茗
2,20772,建木
2,20773,建树
2,20774,建同
2,20775,建修
2,20776,建业
2,20777,建义
2,20778,建元
2,20779,建章
2,20780,建中
2,20781,经赋
2,20782,经亘
2,20783,经国
2,20784,经略
2,20785,经纶
2,20786,经纬
2,20787,经武
2,20788,经业
2,20789,经义
2,20790,经艺
2,20791,景澄
2,20792,景福
2,20793,景焕
2,20794,景辉
2,20795,景龙
2,20796,景明
2,20797,景山
2,20798,景胜
2,20799,景铄
2,20800,景天
2,20801,景同
2,20802,景曜
2,20803,君昊
2,20804,俊艾
2,20805,俊拔
2,20806,俊弼
2,20807,俊才
2,20808,俊材
2,20809,俊楚
2,20810,俊达
2,20811,俊德
2,20812,俊发
2,20813,俊风
2,20814,俊豪
2,20815,俊健
2,20816,俊杰
2,20817,俊捷
2,20818,俊郎
2,20819,俊力
2,20820,俊良
2,20821,俊迈
2,20822,俊茂
2,20823,俊美
2,20824,俊民
2,20825,俊名
2,20826,俊明
2,20827,俊楠
2,20828,俊能
2,20829,俊人
2,20830,俊爽
2,20831,俊悟
2,20832,俊晤
2,20833,俊侠
2,20834,俊贤
2,20835,俊雄
2,20836,俊雅
2,20837,俊彦
2,20838,俊逸
2,20839,俊英
2,20840,俊友
2,20841,俊语
2,20842,俊誉
2,20843,俊远
2,20844,俊哲
2,20845,俊智
2,20846,季萌
2,20847,季同
2,20848,开畅
2,20849,开诚
2,20850,开宇
2,20851,开济
2,20852,开霁
2,20853,开朗
2,20854,凯安
2,20855,凯唱
2,20856,凯定
2,20857,凯风
2,20858,凯复
2,20859,凯歌
2,20860,凯捷
2,20861,凯凯
2,20862,凯康
2,20863,凯乐
2,20864,凯旋
2,20865,凯泽
2,20866,恺歌
2,20867,恺乐
2,20868,康安
2,20869,康伯
2,20870,康成
2,20871,康德
2,20872,康复
2,20873,康健
2,20874,康乐
2,20875,康宁
2,20876,康平
2,20877,康胜
2,20878,康盛
2,20879,康时
2,20880,康适
2,20881,康顺
2,20882,康泰
2,20883,康裕
2,20884,乐安
2,20885,乐邦
2,20886,乐成
2,20887,乐池
2,20888,乐和
2,20889,乐家
2,20890,乐康
2,20891,乐人
2,20892,乐容
2,20893,乐山
2,20894,乐生
2,20895,乐圣
2,20896,乐水
2,20897,乐天
2,20898,乐童
2,20899,乐贤
2,20900,乐心
2,20901,乐欣
2,20902,乐逸
2,20903,乐意
2,20904,乐音
2,20905,乐咏
2,20906,乐游
2,20907,乐语
2,20908,乐悦
2,20909,乐湛
2,20910,乐章
2,20911,乐正
2,20912,乐志
2,20913,黎明
2,20914,力夫
2,20915,力强
2,20916,力勤
2,20917,力行
2,20918,力学
2,20919,力言
2,20920,立人
2,20921,立群
2,20922,良奥
2,20923,良弼
2,20924,良才
2,20925,良材
2,20926,良策
2,20927,良畴
2,20928,良工
2,20929,良翰
2,20930,良吉
2,20931,良骥
2,20932,良俊
2,20933,良骏
2,20934,良朋
2,20935,良平
2,20936,良哲
2,20937,理群
2,20938,理全
2,20939,茂才
2,20940,茂材
2,20941,茂德
2,20942,茂典
2,20943,茂实
2,20944,茂学
2,20945,茂勋
2,20946,茂彦
2,20947,敏博
2,20948,敏才
2,20949,敏达
2,20950,敏学
2,20951,敏智
2,20952,明诚
2,20953,明达
2,20954,明德
2,20955,明俊
2,20956,明朗
2,20957,明亮
2,20958,明旭
2,20959,明煦
2,20960,明远
2,20961,明哲
2,20962,明知
2,20963,明志
2,20964,明智
2,20965,明珠
2,20966,朋兴
2,20967,朋义
2,20968,彭勃
2,20969,彭薄
2,20970,彭湃
2,20971,彭彭
2,20972,彭魄
2,20973,彭越
2,20974,彭泽
2,20975,彭祖
2,20976,鹏程
2,20977,鹏池
2,20978,鹏赋
2,20979,鹏海
2,20980,鹏鲸
2,20981,鹏举
2,20982,鹏鲲
2,20983,鹏天
2,20984,鹏翼
2,20985,鹏云
2,20986,鹏运
2,20987,濮存
2,20988,溥心
2,20989,璞玉
2,20990,璞瑜
2,20991,浦和
2,20992,浦泽
2,20993,奇略
2,20994,奇迈
2,20995,奇胜
2,20996,奇水
2,20997,奇思
2,20998,奇邃
2,20999,奇伟
2,21000,奇玮
2,21001,奇文
2,21002,奇希
2,21003,奇逸
2,21004,奇正
2,21005,奇志
2,21006,奇致
2,21007,祺福
2,21008,祺然
2,21009,祺祥
2,21010,祺瑞
2,21011,琪睿
2,21012,庆生
2,21013,锐达
2,21014,锐锋
2,21015,锐翰
2,21016,锐进
2,21017,锐精
2,21018,锐立
2,21019,锐利
2,21020,锐思
2,21021,锐逸
2,21022,锐意
2,21023,锐藻
2,21024,锐泽
2,21025,锐阵
2,21026,锐志
2,21027,锐智
2,21028,睿博
2,21029,睿才
2,21030,睿诚
2,21031,睿慈
2,21032,睿聪
2,21033,睿达
2,21034,睿德
2,21035,睿范
2,21036,睿广
2,21037,睿好
2,21038,睿明
2,21039,睿识
2,21040,睿思
2,21041,绍钧
2,21042,绍祺
2,21043,绍元
2,21044,升荣
2,21045,圣杰
2,21046,思聪
2,21047,思淼
2,21048,思源
2,21049,思博
2,21050,斯年
2,21051,斯伯
2,21052,泰初
2,21053,泰和
2,21054,泰河
2,21055,泰鸿
2,21056,泰华
2,21057,泰宁
2,21058,泰平
2,21059,泰清
2,21060,泰然
2,21061,天材
2,21062,天成
2,21063,天赋
2,21064,天干
2,21065,天罡
2,21066,天工
2,21067,天翰
2,21068,天和
2,21069,天华
2,21070,天骄
2,21071,天空
2,21072,天禄
2,21073,天路
2,21074,天瑞
2,21075,天睿
2,21076,天逸
2,21077,天元
2,21078,天韵
2,21079,天泽
2,21080,天纵
2,21081,同方
2,21082,同甫
2,21083,同光
2,21084,同和
2,21085,同化
2,21086,同济
2,21087,巍昂
2,21088,巍然
2,21089,巍奕
2,21090,伟博
2,21091,伟毅
2,21092,伟才
2,21093,伟茂
2,21094,伟懋
2,21095,伟彦
2,21096,伟晔
2,21097,伟兆
2,21098,伟志
2,21099,温纶
2,21100,温茂
2,21101,温书
2,21102,温韦
2,21103,温文
2,21104,温瑜
2,21105,文柏
2,21106,文昌
2,21107,文成
2,21108,文德
2,21109,文栋
2,21110,文赋
2,21111,文光
2,21112,文翰
2,21113,文虹
2,21114,文华
2,21115,文康
2,21116,文乐
2,21117,文林
2,21118,文敏
2,21119,文瑞
2,21120,文山
2,21121,文石
2,21122,文星
2,21123,文宣
2,21124,文彦
2,21125,文曜
2,21126,文耀
2,21127,文斌
2,21128,文彬
2,21129,文滨
2,21130,向晨
2,21131,向笛
2,21132,向文
2,21133,向明
2,21134,向荣
2,21135,向阳
2,21136,翔宇
2,21137,翔飞
2,21138,项禹
2,21139,项明
2,21140,心水
2,21141,心思
2,21142,心远
2,21143,欣德
2,21144,欣嘉
2,21145,欣可
2,21146,欣然
2,21147,欣荣
2,21148,欣怡
2,21149,欣怿
2,21150,欣悦
2,21151,新翰
2,21152,新霁
2,21153,新觉
2,21154,新立
2,21155,新荣
2,21156,新知
2,21157,信鸿
2,21158,信厚
2,21159,信鸥
2,21160,信然
2,21161,信瑞
2,21162,兴安
2,21163,兴邦
2,21164,兴昌
2,21165,兴朝
2,21166,兴德
2,21167,兴发
2,21168,兴国
2,21169,兴怀
2,21170,兴平
2,21171,兴庆
2,21172,兴生
2,21173,兴思
2,21174,兴腾
2,21175,兴旺
2,21176,兴为
2,21177,兴文
2,21178,兴贤
2,21179,兴修
2,21180,兴学
2,21181,兴言
2,21182,兴业
2,21183,兴运
2,21184,星波
2,21185,星辰
2,21186,星驰
2,21187,星光
2,21188,星海
2,21189,星汉
2,21190,星河
2,21191,星华
2,21192,星晖
2,21193,星火
2,21194,星剑
2,21195,星津
2,21196,星阑
2,21197,星纬
2,21198,星文
2,21199,星宇
2,21200,星雨
2,21201,星渊
2,21202,星洲
2,21203,修诚
2,21204,修德
2,21205,修谨
2,21206,修筠
2,21207,修明
2,21208,修能
2,21209,修平
2,21210,修齐
2,21211,修然
2,21212,修为
2,21213,修伟
2,21214,修文
2,21215,修雅
2,21216,修永
2,21217,修远
2,21218,修真
2,21219,修竹
2,21220,修贤
2,21221,炫明
2,21222,学博
2,21223,学海
2,21224,学林
2,21225,学民
2,21226,学名
2,21227,学文
2,21228,学义
2,21229,学真
2,21230,雪松
2,21231,雪峰
2,21232,雪风
2,21233,雅昶
2,21234,雅畅
2,21235,雅达
2,21236,雅惠
2,21237,雅健
2,21238,雅逸
2,21239,雅懿
2,21240,雅志
2,21241,阳飙
2,21242,阳冰
2,21243,阳波
2,21244,阳伯
2,21245,阳成
2,21246,阳德
2,21247,阳华
2,21248,阳晖
2,21249,阳辉
2,21250,阳嘉
2,21251,阳平
2,21252,阳秋
2,21253,阳荣
2,21254,阳舒
2,21255,阳朔
2,21256,阳文
2,21257,阳曦
2,21258,阳夏
2,21259,阳旭
2,21260,阳煦
2,21261,阳炎
2,21262,阳焱
2,21263,阳曜
2,21264,阳羽
2,21265,阳云
2,21266,阳泽
2,21267,阳州
2,21268,烨赫
2,21269,烨然
2,21270,烨烁
2,21271,烨烨
2,21272,烨熠
2,21273,烨煜
2,21274,毅然
2,21275,逸仙
2,21276,逸明
2,21277,逸春
2,21278,宜春
2,21279,宜民
2,21280,宜年
2,21281,宜然
2,21282,宜人
2,21283,宜修
2,21284,意远
2,21285,意蕴
2,21286,意致
2,21287,意智
2,21288,英飙
2,21289,英博
2,21290,英才
2,21291,英达
2,21292,英发
2,21293,英范
2,21294,英光
2,21295,英豪
2,21296,英华
2,21297,英杰
2,21298,英朗
2,21299,英锐
2,21300,英睿
2,21301,英韶
2,21302,英卫
2,21303,英武
2,21304,英悟
2,21305,英勋
2,21306,英彦
2,21307,英耀
2,21308,英奕
2,21309,英逸
2,21310,英毅
2,21311,英哲
2,21312,英卓
2,21313,英资
2,21314,英纵
2,21315,永怡
2,21316,永春
2,21317,永安
2,21318,永昌
2,21319,永长
2,21320,永丰
2,21321,永福
2,21322,永嘉
2,21323,永康
2,21324,永年
2,21325,永宁
2,21326,永寿
2,21327,永思
2,21328,永望
2,21329,永新
2,21330,永言
2,21331,永逸
2,21332,永元
2,21333,永贞
2,21334,咏德
2,21335,咏歌
2,21336,咏思
2,21337,咏志
2,21338,勇男
2,21339,勇军
2,21340,勇捷
2,21341,勇锐
2,21342,勇毅
2,21343,宇达
2,21344,宇航
2,21345,宇寰
2,21346,宇文
2,21347,宇荫
2,21348,雨伯
2,21349,雨华
2,21350,雨石
2,21351,雨信
2,21352,雨星
2,21353,玉宸
2,21354,玉成
2,21355,玉龙
2,21356,玉泉
2,21357,玉山
2,21358,玉石
2,21359,玉书
2,21360,玉树
2,21361,玉堂
2,21362,玉轩
2,21363,玉宇
2,21364,玉韵
2,21365,玉泽
2,21366,元白
2,21367,元德
2,21368,元化
2,21369,元基
2,21370,元嘉
2,21371,元甲
2,21372,元驹
2,21373,元凯
2,21374,元恺
2,21375,元魁
2,21376,元良
2,21377,元亮
2,21378,元明
2,21379,元青
2,21380,元思
2,21381,元纬
2,21382,元武
2,21383,元勋
2,21384,元忠
2,21385,元洲
2,21386,苑杰
2,21387,蕴涵
2,21388,蕴和
2,21389,蕴藉
2,21390,展鹏
2,21391,哲茂
2,21392,哲圣
2,21393,哲彦
2,21394,振海
2,21395,振国
2,21396,正诚
2,21397,正初
2,21398,正德
2,21399,正浩
2,21400,正平
2,21401,正奇
2,21402,正青
2,21403,正卿
2,21404,正文
2,21405,正祥
2,21406,正信
2,21407,正雅
2,21408,正阳
2,21409,正业
2,21410,正谊
2,21411,正真
2,21412,正志
2,21413,志诚
2,21414,志新
2,21415,志勇
2,21416,志明
2,21417,志国
2,21418,志强
2,21419,志尚
2,21420,志专
2,21421,志文
2,21422,志行
2,21423,志学
2,21424,志业
2,21425,志义
2,21426,志用
2,21427,智明
2,21428,智鑫
2,21429,智勇
2,21430,智敏
2,21431,智志
2,21432,智渊
2,21433,子安
2,21434,子晋
2,21435,子民
2,21436,子明
2,21437,子墨
2,21438,子平
2,21439,子琪
2,21440,子石
2,21441,子实
2,21442,子真
2,21443,子濯
2,21444,子昂
2,21445,子瑜
2,21446,自明
2,21447,自强
2,21448,作人
2,21449,自怡
2,21450,自珍
2,21451,曾琪
2,21452,泽宇
2,21453,泽语
2,21454,文纲
2,21455,全盛
2,21456,一立
2,21457,明刚
2,21458,广利
2,21459,明兵
2,21460,成杲
2,21461,鞘巧
2,21462,民尧
2,21463,子志
2,21464,珍国
2,21465,立言
2,21466,明恩
2,21467,有刚
2,21468,天放
2,21469,城海
2,21470,家儿
2,21471,林山
2,21472,维东
2,21473,定水
2,21474,从桐
2,21475,罗荣
2,21476,竟泉
2,21477,庭颂
2,21478,瑾丁
2,21479,海咏
2,21480,臣钊
2,21481,觐音
2,21482,欣驹
2,21483,粤兴
2,21484,汛络
2,21485,赞石
2,21486,甲辰
2,21487,忡暄
2,21488,森滕
2,21489,好翔
2,21490,廖昭
2,21491,珈树
2,21492,序纤
2,21493,兰北
2,21494,健贝
2,21495,化江
2,21496,卿风
2,21497,云祥
2,21498,翼锐
2,21499,源韵
2,21500,修树
2,21501,世贝
2,21502,罕伯
2,21503,忻循
2,21504,河根
2,21505,帅泰
2,21506,逢侠
2,21507,余清
2,21508,君帆
2,21509,誉珞
2,21510,翊余
2,21511,峥凛
2,21512,建峰
2,21513,巳保
2,21514,延晔
2,21515,童泓
2,21516,继钦
2,21517,朝言
2,21518,宽桦
2,21519,薛仁
2,21520,斐书
2,21521,越哲
2,21522,三澧
2,21523,月旭
2,21524,房枫
2,21525,克晗
2,21526,翔昊
2,21527,居浩
2,21528,敬亚
2,21529,楗名
2,21530,浙侯
2,21531,蒙政
2,21532,恭和
2,21533,时颜
2,21534,言春
2,21535,福奋
2,21536,涟树
2,21537,源嘉
2,21538,起贝
2,21539,余艺
2,21540,林廉
2,21541,易鸥
2,21542,袭锐
2,21543,术仕
2,21544,稼岭
2,21545,俨休
2,21546,攀檬
2,21547,作尧
2,21548,发有
2,21549,舡邱
2,21550,盼曾
2,21551,石航
2,21552,啸琦
2,21553,书月
2,21554,岐顶
2,21555,贝焱
2,21556,加喜
2,21557,总岚
2,21558,渺峰
2,21559,廷争
2,21560,厚正
2,21561,庚希
2,21562,徽万
2,21563,咚佩
2,21564,亚怿
2,21565,振涛
2,21566,励舫
2,21567,贵成
2,21568,忻絮
2,21569,东琥
2,21570,迪寿
2,21571,苏石
2,21572,愉柠
2,21573,帆粼
2,21574,中羽
2,21575,仔城
2,21576,仲丰
2,21577,尚鹳
2,21578,墁字
2,21579,远龙
2,21580,禹冰
2,21581,东航
2,21582,豫镔
2,21583,瞿勇
2,21584,刘洋
2,21585,敏缨
2,21586,正晗
2,21587,淮通
2,21588,本嶙
2,21589,羽熙
2,21590,援坝
2,21591,义轶
2,21592,华泉
2,21593,华琨
2,21594,哲恒
2,21595,星玺
2,21596,劲雄
2,21597,琛淦
2,21598,细烨
2,21599,泳科
2,21600,浩韵
2,21601,裕逾
2,21602,蒋鑫
2,21603,虎杰
2,21604,咏祺
2,21605,新栋
2,21606,溢邝
2,21607,译浚
2,21608,罗晨
2,21609,汩远
2,21610,致厚
2,21611,峥凯
2,21612,观霄
2,21613,攀泰
2,21614,基铫
2,21615,坤奥
2,21616,越标
2,21617,丞柏
2,21618,定星
2,21619,传梁
2,21620,宇家
2,21621,羿渡
2,21622,绎桦
2,21623,才烨
2,21624,又尉
2,21625,延一
2,21626,汇翰
2,21627,忠沥
2,21628,泓玢
2,21629,民泳
2,21630,和佟
2,21631,健谕
2,21632,熙行
2,21633,博贝
2,21634,强愉
2,21635,坜肃
2,21636,佑清
2,21637,磊荞
2,21638,啸敏
2,21639,炳逸
2,21640,乔鲁
2,21641,初翱
2,21642,莜咚
2,21643,着湘
2,21644,然溟
2,21645,怀安
2,21646,富文
2,21647,治军
2,21648,天宝
2,21649,厚德
2,21650,道海
2,21651,天亮
2,21652,家新
2,21653,龙泉
2,21654,长生
2,21655,勇明
2,21656,铁剑
2,21657,后平
2,21658,明海
2,21659,学能
2,21660,章建
2,21661,日星
2,21662,必红
2,21663,皓洪
2,21664,荣玮
2,21665,从为
2,21666,勃榛
2,21667,责号
2,21668,弈涟
2,21669,健谣
2,21670,袁联
2,21671,幼星
2,21672,树柏
2,21673,小潼
2,21674,楣超
2,21675,光问
2,21676,军健
2,21677,琦慧
2,21678,杪耒
2,21679,嘉毛
2,21680,章容
2,21681,育剑
2,21682,必吉
2,21683,埔塬
2,21684,桂勋
2,21685,林鹤
2,21686,炳禄
2,21687,体震
2,21688,前代
2,21689,佟怀
2,21690,星发
2,21691,瞬献
2,21692,天裴
2,21693,未宗
2,21694,招树
2,21695,跃少
2,21696,广洲
2,21697,相岩
2,21698,绍彦
2,21699,义学
2,21700,汉聚
2,21701,楷钊
2,21702,记阔
2,21703,北峄
2,21704,僮朦
2,21705,轩岐
2,21706,暖渔
2,21707,浚同
2,21708,兴豫
2,21709,梓臻
2,21710,宵根
2,21711,会澄
2,21712,勤尘
2,21713,良严
2,21714,洪见
2,21715,增敏
2,21716,懋活
2,21717,勋羚
2,21718,湛玮
2,21719,湃非
2,21720,树壮
2,21721,庭玖
2,21722,剑依
2,21723,卓默
2,21724,森若
2,21725,佟骞
2,21726,生宝
2,21727,利万
2,21728,炳施
2,21729,栋天
2,21730,沐磬
2,21731,慕骅
2,21732,枚钧
2,21733,眙赫
2,21734,泽珲
2,21735,楷昊
2,21736,施君
2,21737,点禄
2,21738,亚博
2,21739,作焘
2,21740,炫昶
2,21741,琦溶
2,21742,治先
2,21743,啸乙
2,21744,慎荣
2,21745,岚乔
2,21746,周东
2,21747,信民
2,21748,承扁
2,21749,叮桥
2,21750,睿逸
2,21751,肇汐
2,21752,懋阳
2,21753,祺敏
2,21754,玺棂
2,21755,念依
2,21756,治汐
2,21757,刘航
2,21758,昕沁
2,21759,宣融
2,21760,会琦
2,21761,腊毛
2,21762,舆烨
2,21763,诚轩
2,21764,善望
2,21765,翔迎
2,21766,向游
2,21767,红沐
2,21768,意计
2,21769,火城
2,21770,汩呈
2,21771,兴晰
2,21772,常闯
2,21773,伯敏
2,21774,自岑
2,21775,品恬
2,21776,越帆
2,21777,浩洲
2,21778,甸册
2,21779,警忱
2,21780,源通
2,21781,奥含
2,21782,洪旭
2,21783,当澳
2,21784,泽良
2,21785,禹挥
2,21786,曦昌
2,21787,炯飒
2,21788,校与
2,21789,盛明
2,21790,伯录
2,21791,美德
2,21792,允醒
2,21793,淳忆
2,21794,湘馗
2,21795,忻键
2,21796,纪双
2,21797,赫奋
2,21798,彦慧
2,21799,克程
2,21800,政祝
2,21801,楦冲
2,21802,政劭
2,21803,留画
2,21804,佳臣
2,21805,步明
2,21806,仲修
2,21807,穹澎
2,21808,滕石
2,21809,玖庭
2,21810,慕赫
2,21811,泉析
2,21812,含征
2,21813,勃财
2,21814,超坤
2,21815,深贯
2,21816,珥顺
2,21817,语有
2,21818,蜀耕
2,21819,复斗
2,21820,实群
2,21821,粟箬
2,21822,彰续
2,21823,筱涛
2,21824,远赞
2,21825,泉保
2,21826,旖春
2,21827,恩生
2,21828,盼访
2,21829,元吉
2,21830,真百
2,21831,佳熙
2,21832,宪群
2,21833,金建
2,21834,思宏
2,21835,乃义
2,21836,成志
2,21837,广乐
2,21838,潮生
2,21839,晋武
2,21840,才文
2,21841,世程
2,21842,丰年
2,21843,政举
2,21844,兴品
2,21845,洪才
2,21846,一川
2,21847,展翅
2,21848,龙远
2,21849,溢平
2,21850,芳辉
2,21851,增隆
2,21852,衡杏
2,21853,廷博
2,21854,展江
2,21855,京程
2,21856,严泫
2,21857,谦致
2,21858,军驰
2,21859,毓暄
2,21860,官成
2,21861,洲袁
2,21862,矜化
2,21863,昭郁
2,21864,智雷
2,21865,孝桦
2,21866,弘子
2,21867,焱冯
2,21868,强褰
2,21869,咏双
2,21870,沐联
2,21871,昌仙
2,21872,竟冠
2,21873,启绒
2,21874,云力
2,21875,榛程
2,21876,举尧
2,21877,竹贤
2,21878,寿宣
2,21879,世枞
2,21880,十诏
2,21881,佳羲
2,21882,冬熙
2,21883,慈昱
2,21884,滔甲
2,21885,舟平
2,21886,行屿
2,21887,桓思
2,21888,纪彦
2,21889,恪闳
2,21890,京爨
2,21891,帧诚
2,21892,慈意
2,21893,先宝
2,21894,来愚
2,21895,允红
2,21896,泳红
2,21897,匡罕
2,21898,满恒
2,21899,相献
2,21900,晋钫
2,21901,建宽
2,21902,濯永
2,21903,昭沩
2,21904,赫州
2,21905,剀维
2,21906,卓力
2,21907,奎动
2,21908,檀潮
2,21909,健华
2,21910,宓祖
2,21911,计焕
2,21912,明明
2,21913,烨盼
2,21914,昆刚
2,21915,臣倪
2,21916,贤耀
2,21917,衡茂
2,21918,斗锟
2,21919,茂冰
2,21920,朝森
2,21921,升棵
2,21922,支桐
2,21923,贵潼
2,21924,孺午
2,21925,旻涛
2,21926,训青
2,21927,啸旌
2,21928,起辉
2,21929,楼生
2,21930,其燠
2,21931,淮键
2,21932,辽郴
2,21933,炙禺
2,21934,禹尘
2,21935,耀锟
2,21936,允州
2,21937,迩禾
2,21938,萧瑟
2,21939,宝逢
2,21940,哲斌
2,21941,皓涌
2,21942,桁仲
2,21943,曙回
2,21944,幼镶
2,21945,勋宽
2,21946,百南
2,21947,迎明
2,21948,士艺
2,21949,贺定
2,21950,超培
2,21951,柯楠
2,21952,逢果
2,21953,孔民
2,21954,学坚
2,21955,通裕
2,21956,仁栋
2,21957,令正
2,21958,涵琛
2,21959,晰晖
2,21960,海起
2,21961,於融
2,21962,详功
2,21963,尔震
2,21964,浏天
2,21965,溪善
2,21966,翔棠
2,21967,祉琨
2,21968,广殊
2,21969,圳兵
2,21970,昆谳
2,21971,立材
2,21972,来棚
2,21973,剑频
2,21974,庄选
2,21975,殊奥
2,21976,援舰
2,21977,水鹰
2,21978,水盛
2,21979,弘玄
2,21980,石远
2,21981,伯铼
2,21982,益年
2,21983,科恪
2,21984,裕伟
2,21985,毅家
2,21986,伯喻
2,21987,春雨
2,21988,连暄
2,21989,奚滔
2,21990,桓贵
2,21991,宸江
2,21992,荆裕
2,21993,澎乔
2,21994,耕悦
2,21995,细因
2,21996,烽漳
2,21997,壮君
2,21998,运家
2,21999,熠桥
2,22000,羽郅
2,22001,梓驿
2,22002,加生
2,22003,石诺
2,22004,彭钛
2,22005,昆楠
2,22006,柱羿
2,22007,石栓
2,22008,永乙
2,22009,周海
2,22010,胥冉
2,22011,泱有
2,22012,转誉
2,22013,弘理
2,22014,行兆
2,22015,沧煜
2,22016,之存
2,22017,柯徽
2,22018,丁忻
2,22019,品蔚
2,22020,正乐
2,22021,箴员
2,22022,芮百
2,22023,柘厦
2,22024,澹田
2,22025,牧央
2,22026,正旬
2,22027,牧冲
2,22028,之圳
2,22029,风雨
2,22030,继成
2,22031,文健
2,22032,光德
2,22033,连生
2,22034,正高
2,22035,雨龙
2,22036,清水
2,22037,浙江
2,22038,成显
2,22039,纬国
2,22040,海丰
2,22041,青峰
2,22042,四海
2,22043,昌居
2,22044,文彪
2,22045,上腾
2,22046,和明
2,22047,德传
2,22048,庭汛
2,22049,怡承
2,22050,之安
2,22051,京由
2,22052,拥缔
2,22053,稀名
2,22054,湘增
2,22055,玄言
2,22056,炎彦
2,22057,勋润
2,22058,宸滨
2,22059,祯亚
2,22060,炳驿
2,22061,炫位
2,22062,宝朗
2,22063,则榛
2,22064,广北
2,22065,群轩
2,22066,裔锭
2,22067,旋坤
2,22068,八喜
2,22069,筱坚
2,22070,纲奇
2,22071,宾京
2,22072,宸渤
2,22073,建榆
2,22074,扬溶
2,22075,沛苇
2,22076,楼凡
2,22077,超贤
2,22078,盈美
2,22079,祥桀
2,22080,尉斯
2,22081,柏鸣
2,22082,禹发
2,22083,维峻
2,22084,淄延
2,22085,羿晖
2,22086,卫升
2,22087,与练
2,22088,登悟
2,22089,旭应
2,22090,璞岩
2,22091,伟宗
2,22092,万洲
2,22093,忠本
2,22094,璐楠
2,22095,艾垒
2,22096,总涌
2,22097,贺在
2,22098,文松
2,22099,达皋
2,22100,怛奕
2,22101,华桐
2,22102,坤能
2,22103,果俨
2,22104,付潘
2,22105,海言
2,22106,贯与
2,22107,秋简
2,22108,明祯
2,22109,甸嗣
2,22110,用凯
2,22111,琪洳
2,22112,冬旃
2,22113,小麟
2,22114,曦坤
2,22115,沉森
2,22116,沁金
2,22117,文平
2,22118,烁亭
2,22119,诩悦
2,22120,瑾兼
2,22121,桎沅
2,22122,枳荞
2,22123,勇晨
2,22124,开扬
2,22125,游颀
2,22126,晟焙
2,22127,继现
2,22128,增廷
2,22129,列漪
2,22130,符武
2,22131,聿军
2,22132,桄生
2,22133,树颢
2,22134,林来
2,22135,朗桥
2,22136,润芪
2,22137,轲赫
2,22138,徐骧
2,22139,畅跃
2,22140,胜轩
2,22141,德伦
2,22142,作德
2,22143,澍菘
2,22144,光侪
2,22145,宪允
2,22146,丛挺
2,22147,淇雩
2,22148,加肖
2,22149,蔚源
2,22150,客丰
2,22151,棋机
2,22152,醉易
2,22153,紫萱
2,22154,紫霜
2,22155,紫南
2,22156,紫菱
2,22157,紫蓝
2,22158,紫翠
2,22159,紫安
2,22160,芷天
2,22161,芷容
2,22162,芷巧
2,22163,芷卉
2,22164,芷荷
2,22165,之桃
2,22166,元霜
2,22167,元绿
2,22168,元槐
2,22169,元枫
2,22170,语雪
2,22171,语山
2,22172,语蓉
2,22173,语琴
2,22174,语海
2,22175,语芙
2,22176,语儿
2,22177,语蝶
2,22178,雨雪
2,22179,雨文
2,22180,雨梅
2,22181,雨莲
2,22182,雨兰
2,22183,幼丝
2,22184,幼枫
2,22185,又菡
2,22186,友梅
2,22187,友儿
2,22188,映萱
2,22189,映安
2,22190,迎梦
2,22191,迎波
2,22192,易巧
2,22193,亦丝
2,22194,亦巧
2,22195,忆雪
2,22196,忆文
2,22197,忆梅
2,22198,忆枫
2,22199,以丹
2,22200,依丝
2,22201,夜玉
2,22202,夜梦
2,22203,夜春
2,22204,雁荷
2,22205,雁风
2,22206,雅彤
2,22207,雅琴
2,22208,寻梅
2,22209,寻冬
2,22210,雪珍
2,22211,雪瑶
2,22212,雪旋
2,22213,雪卉
2,22214,笑旋
2,22215,笑蓝
2,22216,笑翠
2,22217,晓亦
2,22218,晓夏
2,22219,向梦
2,22220,香萱
2,22221,香岚
2,22222,夏真
2,22223,夏山
2,22224,夏兰
2,22225,惜雪
2,22226,惜蕊
2,22227,惜灵
2,22228,问夏
2,22229,问蕊
2,22230,问梅
2,22231,听筠
2,22232,听枫
2,22233,天曼
2,22234,思松
2,22235,思菱
2,22236,水瑶
2,22237,水彤
2,22238,书竹
2,22239,书易
2,22240,诗桃
2,22241,诗双
2,22242,诗珊
2,22243,诗蕊
2,22244,山菡
2,22245,山蝶
2,22246,若雁
2,22247,若菱
2,22248,如风
2,22249,如冬
2,22250,如波
2,22251,秋柔
2,22252,青雪
2,22253,青曼
2,22254,巧蕊
2,22255,千亦
2,22256,千柔
2,22257,千柳
2,22258,绮琴
2,22259,绮梅
2,22260,平萱
2,22261,平露
2,22262,沛儿
2,22263,盼烟
2,22264,凝雁
2,22265,凝安
2,22266,念之
2,22267,念柏
2,22268,妙之
2,22269,妙梦
2,22270,妙柏
2,22271,梦之
2,22272,梦桃
2,22273,梦琪
2,22274,梦露
2,22275,梦凡
2,22276,曼容
2,22277,曼荷
2,22278,曼寒
2,22279,曼安
2,22280,绿真
2,22281,凌文
2,22282,凌青
2,22283,凌波
2,22284,怜阳
2,22285,怜珊
2,22286,冷雪
2,22287,冷荷
2,22288,乐萱
2,22289,乐天
2,22290,乐松
2,22291,乐枫
2,22292,静芙
2,22293,靖柏
2,22294,寄真
2,22295,寄文
2,22296,寄琴
2,22297,幻天
2,22298,幻珊
2,22299,寒天
2,22300,寒凝
2,22301,寒梦
2,22302,寒荷
2,22303,涵易
2,22304,涵菱
2,22305,含玉
2,22306,含烟
2,22307,含灵
2,22308,含蕾
2,22309,海云
2,22310,海冬
2,22311,谷蕊
2,22312,谷兰
2,22313,飞珍
2,22314,飞槐
2,22315,访云
2,22316,访烟
2,22317,访天
2,22318,访风
2,22319,凡阳
2,22320,凡旋
2,22321,凡梅
2,22322,凡灵
2,22323,凡蕾
2,22324,尔丝
2,22325,尔柳
2,22326,尔芙
2,22327,尔白
2,22328,孤菱
2,22329,沛萍
2,22330,梦柏
2,22331,从阳
2,22332,绿海
2,22333,白梅
2,22334,秋烟
2,22335,访旋
2,22336,元珊
2,22337,凌旋
2,22338,依珊
2,22339,寻凝
2,22340,幻柏
2,22341,雨寒
2,22342,寒安
2,22343,怀绿
2,22344,书琴
2,22345,水香
2,22346,向彤
2,22347,曼冬
2,22348,怜梦
2,22349,安珊
2,22350,映阳
2,22351,思天
2,22352,初珍
2,22353,冷珍
2,22354,海安
2,22355,从彤
2,22356,灵珊
2,22357,夏彤
2,22358,映菡
2,22359,青筠
2,22360,易真
2,22361,幼荷
2,22362,冷霜
2,22363,凝旋
2,22364,夜柳
2,22365,紫文
2,22366,凡桃
2,22367,醉蝶
2,22368,从云
2,22369,冰萍
2,22370,小萱
2,22371,白筠
2,22372,依云
2,22373,元柏
2,22374,丹烟
2,22375,念云
2,22376,易蓉
2,22377,青易
2,22378,友卉
2,22379,若山
2,22380,涵柳
2,22381,映菱
2,22382,依凝
2,22383,怜南
2,22384,水儿
2,22385,从筠
2,22386,千秋
2,22387,代芙
2,22388,之卉
2,22389,幻丝
2,22390,书瑶
2,22391,含之
2,22392,雪珊
2,22393,海之
2,22394,寄云
2,22395,盼海
2,22396,谷梦
2,22397,雁兰
2,22398,晓灵
2,22399,向珊
2,22400,宛筠
2,22401,笑南
2,22402,梦容
2,22403,寄柔
2,22404,静枫
2,22405,尔容
2,22406,沛蓝
2,22407,宛海
2,22408,迎彤
2,22409,梦易
2,22410,惜海
2,22411,灵阳
2,22412,念寒
2,22413,采梦
2,22414,夜绿
2,22415,又亦
2,22416,梦山
2,22417,醉波
2,22418,慕晴
2,22419,安彤
2,22420,半烟
2,22421,翠桃
2,22422,书蝶
2,22423,寻云
2,22424,冰绿
2,22425,山雁
2,22426,南莲
2,22427,夜梅
2,22428,翠阳
2,22429,芷文
2,22430,南露
2,22431,向真
2,22432,又晴
2,22433,又蓝
2,22434,雅旋
2,22435,千儿
2,22436,听安
2,22437,凌蝶
2,22438,向露
2,22439,从凝
2,22440,雨双
2,22441,依白
2,22442,以筠
2,22443,含巧
2,22444,晓瑶
2,22445,忆山
2,22446,以莲
2,22447,冰海
2,22448,盼芙
2,22449,冰珍
2,22450,半双
2,22451,以冬
2,22452,千凝
2,22453,笑阳
2,22454,香菱
2,22455,友蕊
2,22456,若云
2,22457,天晴
2,22458,笑珊
2,22459,凡霜
2,22460,南珍
2,22461,晓霜
2,22462,芷云
2,22463,谷芹
2,22464,芷蝶
2,22465,雨柏
2,22466,之云
2,22467,靖巧
2,22468,寄翠
2,22469,涵菡
2,22470,雁卉
2,22471,涵山
2,22472,念薇
2,22473,绮兰
2,22474,迎蕾
2,22475,秋荷
2,22476,代天
2,22477,采波
2,22478,诗兰
2,22479,谷丝
2,22480,凝琴
2,22481,凝芙
2,22482,尔风
2,22483,觅双
2,22484,忆灵
2,22485,水蓝
2,22486,书蕾
2,22487,访枫
2,22488,涵双
2,22489,初阳
2,22490,从梦
2,22491,凝天
2,22492,秋灵
2,22493,笑槐
2,22494,灵凡
2,22495,冰夏
2,22496,听露
2,22497,翠容
2,22498,绮晴
2,22499,静柏
2,22500,天亦
2,22501,冷玉
2,22502,以亦
2,22503,盼曼
2,22504,乐蕊
2,22505,凡柔
2,22506,曼凝
2,22507,沛柔
2,22508,迎蓉
2,22509,映真
2,22510,采文
2,22511,曼文
2,22512,新筠
2,22513,碧玉
2,22514,秋柳
2,22515,白莲
2,22516,亦玉
2,22517,幻波
2,22518,忆之
2,22519,孤丝
2,22520,妙竹
2,22521,傲柏
2,22522,元风
2,22523,易烟
2,22524,怀蕊
2,22525,寻桃
2,22526,映之
2,22527,小玉
2,22528,尔槐
2,22529,听荷
2,22530,赛君
2,22531,闭月
2,22532,不愁
2,22533,羞花
2,22534,紫寒
2,22535,夏之
2,22536,飞薇
2,22537,如松
2,22538,白安
2,22539,秋翠
2,22540,夜蓉
2,22541,傲晴
2,22542,凝丹
2,22543,凌瑶
2,22544,初曼
2,22545,夜安
2,22546,安荷
2,22547,青柏
2,22548,向松
2,22549,绿旋
2,22550,芷珍
2,22551,凌晴
2,22552,新儿
2,22553,亦绿
2,22554,雁丝
2,22555,惜霜
2,22556,紫青
2,22557,冰双
2,22558,映冬
2,22559,代萱
2,22560,梦旋
2,22561,毒娘
2,22562,紫萍
2,22563,冰真
2,22564,幻翠
2,22565,向秋
2,22566,海蓝
2,22567,凌兰
2,22568,如柏
2,22569,千山
2,22570,半凡
2,22571,雁芙
2,22572,白秋
2,22573,平松
2,22574,代梅
2,22575,香之
2,22576,梦寒
2,22577,小蕊
2,22578,慕卉
2,22579,映梦
2,22580,绿蝶
2,22581,凌翠
2,22582,夜蕾
2,22583,含双
2,22584,慕灵
2,22585,碧琴
2,22586,夏旋
2,22587,冷雁
2,22588,乐双
2,22589,念梦
2,22590,静丹
2,22591,之柔
2,22592,新瑶
2,22593,亦旋
2,22594,雪巧
2,22595,中蓝
2,22596,莹芝
2,22597,一兰
2,22598,清涟
2,22599,盛男
2,22600,凝莲
2,22601,雪莲
2,22602,依琴
2,22603,绣连
2,22604,友灵
2,22605,醉柳
2,22606,秋双
2,22607,绮波
2,22608,寄瑶
2,22609,冰蝶
2,22610,孤丹
2,22611,半梅
2,22612,友菱
2,22613,飞双
2,22614,醉冬
2,22615,寡妇
2,22616,沛容
2,22617,南晴
2,22618,太兰
2,22619,紫易
2,22620,从蓉
2,22621,友易
2,22622,尔竹
2,22623,巧荷
2,22624,寻双
2,22625,芷雪
2,22626,又夏
2,22627,梦玉
2,22628,安梦
2,22629,凝荷
2,22630,外绣
2,22631,忆曼
2,22632,不平
2,22633,凝蝶
2,22634,以寒
2,22635,安南
2,22636,思山
2,22637,若翠
2,22638,曼青
2,22639,小珍
2,22640,青荷
2,22641,代容
2,22642,孤云
2,22643,慕青
2,22644,寄凡
2,22645,元容
2,22646,丹琴
2,22647,寒珊
2,22648,飞雪
2,22649,妙芙
2,22650,碧凡
2,22651,思柔
2,22652,雁桃
2,22653,丹南
2,22654,雁菡
2,22655,翠丝
2,22656,幻梅
2,22657,海莲
2,22658,宛秋
2,22659,问枫
2,22660,靖雁
2,22661,蛟凤
2,22662,大凄
2,22663,傻姑
2,22664,金连
2,22665,梦安
2,22666,碧曼
2,22667,代珊
2,22668,惜珊
2,22669,元冬
2,22670,青梦
2,22671,书南
2,22672,绮山
2,22673,白桃
2,22674,从波
2,22675,访冬
2,22676,含卉
2,22677,平蝶
2,22678,海秋
2,22679,沛珊
2,22680,飞兰
2,22681,凝云
2,22682,亦竹
2,22683,梦岚
2,22684,寒凡
2,22685,傲柔
2,22686,凌丝
2,22687,觅风
2,22688,平彤
2,22689,念露
2,22690,翠彤
2,22691,秋玲
2,22692,安蕾
2,22693,若蕊
2,22694,灵萱
2,22695,含雁
2,22696,思真
2,22697,盼山
2,22698,香薇
2,22699,碧萱
2,22700,夏柳
2,22701,白风
2,22702,安双
2,22703,凌萱
2,22704,盼夏
2,22705,幻巧
2,22706,怜寒
2,22707,傲儿
2,22708,冰枫
2,22709,如萱
2,22710,妖丽
2,22711,元芹
2,22712,涵阳
2,22713,涵蕾
2,22714,以旋
2,22715,高丽
2,22716,灭男
2,22717,代玉
2,22718,可仁
2,22719,可兰
2,22720,可愁
2,22721,可燕
2,22722,妙彤
2,22723,易槐
2,22724,小凝
2,22725,妙晴
2,22726,冰薇
2,22727,涵柏
2,22728,语兰
2,22729,小蕾
2,22730,忆翠
2,22731,听云
2,22732,觅海
2,22733,静竹
2,22734,初蓝
2,22735,迎丝
2,22736,幻香
2,22737,含芙
2,22738,夏波
2,22739,冰香
2,22740,凌香
2,22741,妙菱
2,22742,访彤
2,22743,凡雁
2,22744,紫真
2,22745,书双
2,22746,问晴
2,22747,惜萱
2,22748,白萱
2,22749,靖柔
2,22750,凡白
2,22751,晓曼
2,22752,曼岚
2,22753,雁菱
2,22754,雨安
2,22755,谷菱
2,22756,夏烟
2,22757,问儿
2,22758,青亦
2,22759,夏槐
2,22760,含蕊
2,22761,迎南
2,22762,又琴
2,22763,冷松
2,22764,安雁
2,22765,飞荷
2,22766,踏歌
2,22767,秋莲
2,22768,盼波
2,22769,以蕊
2,22770,盼兰
2,22771,之槐
2,22772,飞柏
2,22773,孤容
2,22774,白玉
2,22775,傲南
2,22776,山芙
2,22777,夏青
2,22778,雁山
2,22779,曼梅
2,22780,如霜
2,22781,沛芹
2,22782,丹萱
2,22783,翠霜
2,22784,玉兰
2,22785,汝燕
2,22786,不乐
2,22787,不悔
2,22788,可冥
2,22789,若男
2,22790,素阴
2,22791,元彤
2,22792,从丹
2,22793,曼彤
2,22794,惋庭
2,22795,起眸
2,22796,香芦
2,22797,绿竹
2,22798,雨真
2,22799,乐巧
2,22800,亚男
2,22801,小之
2,22802,如曼
2,22803,山槐
2,22804,谷蓝
2,22805,笑容
2,22806,香露
2,22807,白薇
2,22808,凝丝
2,22809,雨筠
2,22810,秋尽
2,22811,婷冉
2,22812,冰凡
2,22813,亦云
2,22814,芙蓉
2,22815,天蓝
2,22816,沉鱼
2,22817,东蒽
2,22818,飞丹
2,22819,涵瑶
2,22820,雁开
2,22821,以松
2,22822,南烟
2,22823,傲霜
2,22824,香旋
2,22825,觅荷
2,22826,幼珊
2,22827,无色
2,22828,凤灵
2,22829,新竹
2,22830,半莲
2,22831,媚颜
2,22832,紫雪
2,22833,寒香
2,22834,幼晴
2,22835,宛菡
2,22836,采珊
2,22837,凝蕊
2,22838,无颜
2,22839,莫言
2,22840,初兰
2,22841,冷菱
2,22842,妙旋
2,22843,梨愁
2,22844,友琴
2,22845,水蓉
2,22846,尔岚
2,22847,怜蕾
2,22848,怀蕾
2,22849,惜天
2,22850,谷南
2,22851,雪兰
2,22852,语柳
2,22853,夏菡
2,22854,巧凡
2,22855,映雁
2,22856,之双
2,22857,梦芝
2,22858,傲白
2,22859,觅翠
2,22860,如凡
2,22861,傲蕾
2,22862,傲旋
2,22863,以柳
2,22864,从寒
2,22865,双双
2,22866,无春
2,22867,紫烟
2,22868,飞凤
2,22869,紫丝
2,22870,思卉
2,22871,初雪
2,22872,向薇
2,22873,落雁
2,22874,凡英
2,22875,海菡
2,22876,白晴
2,22877,映天
2,22878,静白
2,22879,雨旋
2,22880,安卉
2,22881,依柔
2,22882,半兰
2,22883,灵雁
2,22884,雅蕊
2,22885,初丹
2,22886,寒云
2,22887,念烟
2,22888,代男
2,22889,笑卉
2,22890,曼云
2,22891,飞莲
2,22892,幻竹
2,22893,晓绿
2,22894,寄容
2,22895,小翠
2,22896,小霜
2,22897,语薇
2,22898,芷蕾
2,22899,谷冬
2,22900,血茗
2,22901,天荷
2,22902,问丝
2,22903,沛凝
2,22904,翠绿
2,22905,寒松
2,22906,思烟
2,22907,雅寒
2,22908,以南
2,22909,碧蓉
2,22910,绮南
2,22911,白凡
2,22912,安莲
2,22913,访卉
2,22914,元瑶
2,22915,水风
2,22916,凡松
2,22917,友容
2,22918,访蕊
2,22919,若南
2,22920,涵雁
2,22921,雪一
2,22922,怀寒
2,22923,幻莲
2,22924,碧菡
2,22925,绿蕊
2,22926,如雪
2,22927,珊珊
2,22928,念珍
2,22929,莫英
2,22930,朝雪
2,22931,茹嫣
2,22932,老太
2,22933,曼易
2,22934,宛亦
2,22935,映寒
2,22936,谷秋
2,22937,诗槐
2,22938,如之
2,22939,水桃
2,22940,又菱
2,22941,迎夏
2,22942,幻灵
2,22943,初夏
2,22944,晓槐
2,22945,代柔
2,22946,忆安
2,22947,迎梅
2,22948,夜云
2,22949,傲安
2,22950,雨琴
2,22951,听芹
2,22952,依玉
2,22953,冬寒
2,22954,绿柏
2,22955,梦秋
2,22956,千青
2,22957,念桃
2,22958,苑睐
2,22959,夏蓉
2,22960,诗蕾
2,22961,友安
2,22962,寻菱
2,22963,绮烟
2,22964,若枫
2,22965,凝竹
2,22966,听莲
2,22967,依波
2,22968,飞松
2,22969,依秋
2,22970,绿柳
2,22971,元菱
2,22972,念芹
2,22973,如彤
2,22974,香彤
2,22975,涵梅
2,22976,映容
2,22977,平安
2,22978,赛凤
2,22979,书桃
2,22980,梦松
2,22981,以云
2,22982,映易
2,22983,小夏
2,22984,元灵
2,22985,天真
2,22986,晓蕾
2,22987,问玉
2,22988,问薇
2,22989,笑晴
2,22990,亦瑶
2,22991,半芹
2,22992,幼萱
2,22993,凡双
2,22994,夜香
2,22995,阑香
2,22996,阑悦
2,22997,溪灵
2,22998,冥茗
2,22999,丹妗
2,23000,妙芹
2,23001,飞飞
2,23002,觅山
2,23003,沛槐
2,23004,太英
2,23005,惋清
2,23006,太清
2,23007,灵安
2,23008,觅珍
2,23009,依风
2,23010,若颜
2,23011,觅露
2,23012,问柳
2,23013,以晴
2,23014,山灵
2,23015,晓兰
2,23016,梦菡
2,23017,思萱
2,23018,半蕾
2,23019,紫伊
2,23020,山兰
2,23021,初翠
2,23022,岂愈
2,23023,海雪
2,23024,向雁
2,23025,冬亦
2,23026,柏柳
2,23027,青枫
2,23028,宝莹
2,23029,宝川
2,23030,若灵
2,23031,冷梅
2,23032,艳一
2,23033,梦槐
2,23034,依霜
2,23035,凡之
2,23036,忆彤
2,23037,英姑
2,23038,清炎
2,23039,绮露
2,23040,醉卉
2,23041,念双
2,23042,小凡
2,23043,尔琴
2,23044,冬卉
2,23045,初柳
2,23046,天玉
2,23047,千愁
2,23048,稚晴
2,23049,怀曼
2,23050,雪曼
2,23051,雪枫
2,23052,缘郡
2,23053,雁梅
2,23054,雅容
2,23055,雁枫
2,23056,灵寒
2,23057,寻琴
2,23058,慕儿
2,23059,雅霜
2,23060,含莲
2,23061,曼香
2,23062,慕山
2,23063,书兰
2,23064,凡波
2,23065,又莲
2,23066,沛春
2,23067,语梦
2,23068,青槐
2,23069,新之
2,23070,含海
2,23071,觅波
2,23072,嫣然
2,23073,善愁
2,23074,善若
2,23075,善斓
2,23076,千雁
2,23077,白柏
2,23078,雅柏
2,23079,冬灵
2,23080,平卉
2,23081,不弱
2,23082,不惜
2,23083,灵槐
2,23084,海露
2,23085,白梦
2,23086,尔蓉
2,23087,芷珊
2,23088,迎曼
2,23089,问兰
2,23090,又柔
2,23091,雪青
2,23092,傲之
2,23093,绿兰
2,23094,听兰
2,23095,冰旋
2,23096,白山
2,23097,荧荧
2,23098,迎荷
2,23099,丹彤
2,23100,海白
2,23101,谷云
2,23102,以菱
2,23103,以珊
2,23104,雪萍
2,23105,千兰
2,23106,大娘
2,23107,思枫
2,23108,白容
2,23109,翠芙
2,23110,寻雪
2,23111,冰岚
2,23112,新晴
2,23113,绿蓉
2,23114,傲珊
2,23115,安筠
2,23116,怀亦
2,23117,安寒
2,23118,青丝
2,23119,灵枫
2,23120,芷蕊
2,23121,寻真
2,23122,以山
2,23123,菲音
2,23124,寒烟
2,23125,易云
2,23126,夜山
2,23127,映秋
2,23128,唯雪
2,23129,嫣娆
2,23130,梦菲
2,23131,凤凰
2,23132,一寡
2,23133,幻然
2,23134,颜演
2,23135,白翠
2,23136,傲菡
2,23137,妙松
2,23138,忆南
2,23139,醉蓝
2,23140,碧彤
2,23141,水之
2,23142,怜菡
2,23143,雅香
2,23144,雅山
2,23145,丹秋
2,23146,盼晴
2,23147,听双
2,23148,冷亦
2,23149,依萱
2,23150,静槐
2,23151,冰之
2,23152,曼柔
2,23153,夏云
2,23154,凌寒
2,23155,夜天
2,23156,小小
2,23157,如南
2,23158,寻绿
2,23159,诗翠
2,23160,丹翠
2,23161,从蕾
2,23162,忆丹
2,23163,傲薇
2,23164,宛白
2,23165,幻枫
2,23166,晓旋
2,23167,初瑶
2,23168,如蓉
2,23169,海瑶
2,23170,代曼
2,23171,靖荷
2,23172,采枫
2,23173,书白
2,23174,凝阳
2,23175,孤晴
2,23176,如音
2,23177,傲松
2,23178,书雪
2,23179,怜翠
2,23180,雪柳
2,23181,安容
2,23182,以彤
2,23183,翠琴
2,23184,安萱
2,23185,寄松
2,23186,雨灵
2,23187,新烟
2,23188,妙菡
2,23189,雪晴
2,23190,友瑶
2,23191,丹珍
2,23192,白凝
2,23193,孤萍
2,23194,寒蕾
2,23195,妖妖
2,23196,藏花
2,23197,葵阴
2,23198,幻嫣
2,23199,幻悲
2,23200,若冰
2,23201,藏鸟
2,23202,又槐
2,23203,夜阑
2,23204,灭绝
2,23205,藏今
2,23206,凌柏
2,23207,向雪
2,23208,丹雪
2,23209,无心
2,23210,夜雪
2,23211,幻桃
2,23212,念瑶
2,23213,白卉
2,23214,飞绿
2,23215,怀梦
2,23216,幼菱
2,23217,芸遥
2,23218,芷波
2,23219,灵波
2,23220,一凤
2,23221,尔蝶
2,23222,问雁
2,23223,一曲
2,23224,问芙
2,23225,涔雨
2,23226,宫苴
2,23227,尔云
2,23228,秋凌
2,23229,灵煌
2,23230,寒梅
2,23231,灵松
2,23232,安柏
2,23233,晓凡
2,23234,冰颜
2,23235,行云
2,23236,觅儿
2,23237,天菱
2,23238,舞仙
2,23239,念真
2,23240,代亦
2,23241,飞阳
2,23242,迎天
2,23243,摇伽
2,23244,菲鹰
2,23245,惜萍
2,23246,安白
2,23247,幻雪
2,23248,友桃
2,23249,飞烟
2,23250,沛菡
2,23251,水绿
2,23252,天薇
2,23253,依瑶
2,23254,夏岚
2,23255,晓筠
2,23256,若烟
2,23257,寄风
2,23258,思雁
2,23259,乐荷
2,23260,雨南
2,23261,乐蓉
2,23262,易梦
2,23263,凡儿
2,23264,翠曼
2,23265,静曼
2,23266,魂幽
2,23267,茹妖
2,23268,香魔
2,23269,幻姬
2,23270,凝珍
2,23271,怜容
2,23272,惜芹
2,23273,笑柳
2,23274,太君
2,23275,莫茗
2,23276,忆秋
2,23277,代荷
2,23278,尔冬
2,23279,山彤
2,23280,盼雁
2,23281,山晴
2,23282,乐瑶
2,23283,灵薇
2,23284,盼易
2,23285,听蓉
2,23286,宛儿
2,23287,从灵
2,23288,如娆
2,23289,南霜
2,23290,元蝶
2,23291,忆霜
2,23292,冬云
2,23293,访文
2,23294,紫夏
2,23295,新波
2,23296,千萍
2,23297,凤妖
2,23298,水卉
2,23299,靖儿
2,23300,青烟
2,23301,千琴
2,23302,问凝
2,23303,如冰
2,23304,半梦
2,23305,怀莲
2,23306,傲芙
2,23307,静蕾
2,23308,艳血
2,23309,绾绾
2,23310,绝音
2,23311,若血
2,23312,若魔
2,23313,虔纹
2,23314,涟妖
2,23315,雪冥
2,23316,邪欢
2,23317,冰姬
2,23318,四娘
2,23319,二娘
2,23320,三娘
2,23321,老姆
2,23322,黎云
2,23323,青旋
2,23324,语蕊
2,23325,代灵
2,23326,紫山
2,23327,傲丝
2,23328,听寒
2,23329,秋珊
2,23330,代云
2,23331,代双
2,23332,晓蓝
2,23333,茗茗
2,23334,天蓉
2,23335,南琴
2,23336,寻芹
2,23337,诗柳
2,23338,冬莲
2,23339,问萍
2,23340,忆寒
2,23341,尔珍
2,23342,新梅
2,23343,白曼
2,23344,一一
2,23345,安波
2,23346,醉香
2,23347,紫槐
2,23348,傲易
2,23349,冰菱
2,23350,访曼
2,23351,冷卉
2,23352,乐儿
2,23353,幼翠
2,23354,孤兰
2,23355,绮菱
2,23356,觅夏
2,23357,三颜
2,23358,千风
2,23359,碧灵
2,23360,雨竹
2,23361,平蓝
2,23362,尔烟
2,23363,冬菱
2,23364,笑寒
2,23365,冰露
2,23366,诗筠
2,23367,鸣凤
2,23368,沛文
2,23369,易文
2,23370,绿凝
2,23371,雁玉
2,23372,梦曼
2,23373,凌雪
2,23374,怜晴
2,23375,傲玉
2,23376,幻儿
2,23377,书萱
2,23378,绮玉
2,23379,诗霜
2,23380,惜寒
2,23381,惜梦
2,23382,乐安
2,23383,以蓝
2,23384,之瑶
2,23385,夏寒
2,23386,丹亦
2,23387,凌珍
2,23388,问寒
2,23389,访梦
2,23390,新蕾
2,23391,书文
2,23392,平凡
2,23393,如天
2,23394,怀柔
2,23395,语柔
2,23396,宛丝
2,23397,南蕾
2,23398,迎海
2,23399,代芹
2,23400,巧曼
2,23401,代秋
2,23402,慕梅
2,23403,幼蓉
2,23404,亦寒
2,23405,冬易
2,23406,丹云
2,23407,丹寒
2,23408,丹蝶
2,23409,代真
2,23410,翠梅
2,23411,翠风
2,23412,翠柏
2,23413,翠安
2,23414,从霜
2,23415,从露
2,23416,初之
2,23417,初柔
2,23418,初露
2,23419,初蝶
2,23420,采萱
2,23421,采蓝
2,23422,采白
2,23423,冰烟
2,23424,冰彤
2,23425,冰巧
2,23426,傲云
2,23427,凝冬
2,23428,雁凡
2,23429,书翠
2,23430,千凡
2,23431,半青
2,23432,惜儿
2,23433,曼凡
2,23434,乐珍
2,23435,新柔
2,23436,翠萱
2,23437,飞瑶
2,23438,幻露
2,23439,梦蕊
2,23440,安露
2,23441,晓露
2,23442,白枫
2,23443,怀薇
2,23444,雁露
2,23445,梦竹
2,23446,盼柳
2,23447,沛岚
2,23448,夜南
2,23449,香寒
2,23450,山柏
2,23451,雁易
2,23452,静珊
2,23453,雁蓉
2,23454,千易
2,23455,笑萍
2,23456,从雪
2,23457,书雁
2,23458,曼雁
2,23459,晓丝
2,23460,念蕾
2,23461,雅柔
2,23462,采柳
2,23463,易绿
2,23464,向卉
2,23465,惜文
2,23466,冰兰
2,23467,尔安
2,23468,语芹
2,23469,晓山
2,23470,秋蝶
2,23471,曼卉
2,23472,凝梦
2,23473,向南
2,23474,念文
2,23475,冰蓝
2,23476,听南
2,23477,慕凝
2,23478,如容
2,23479,亦凝
2,23480,乐菱
2,23481,怀蝶
2,23482,惜筠
2,23483,冬萱
2,23484,初南
2,23485,含桃
2,23486,语风
2,23487,白竹
2,23488,夏瑶
2,23489,雅绿
2,23490,怜雪
2,23491,从菡
2,23492,访波
2,23493,安青
2,23494,觅柔
2,23495,雅青
2,23496,白亦
2,23497,宛凝
2,23498,安阳
2,23499,苞络
2,23500,不二
2,23501,如花
2,23502,安安
2,23503,安吉
2,23504,安静
2,23505,安娜
2,23506,安妮
2,23507,安琪
2,23508,安然
2,23509,安娴
2,23510,安祯
2,23511,奥婷
2,23512,奥维
2,23513,奥雅
2,23514,北辰
2,23515,北嘉
2,23516,北晶
2,23517,贝莉
2,23518,贝丽
2,23519,蓓蕾
2,23520,碧琳
2,23521,碧莹
2,23522,冰冰
2,23523,冰洁
2,23524,冰心
2,23525,冰彦
2,23526,冰莹
2,23527,博丽
2,23528,博敏
2,23529,博雅
2,23530,布凡
2,23531,布侬
2,23532,布欣
2,23533,布衣
2,23534,采莲
2,23535,采薇
2,23536,彩静
2,23537,彩萱
2,23538,彩妍
2,23539,灿灿
2,23540,婵娟
2,23541,畅畅
2,23542,畅然
2,23543,唱月
2,23544,朝旭
2,23545,朝雨
2,23546,琛丽
2,23547,琛瑞
2,23548,晨曦
2,23549,晨旭
2,23550,初然
2,23551,楚楚
2,23552,楚洁
2,23553,楚云
2,23554,春芳
2,23555,春华
2,23556,春娇
2,23557,春兰
2,23558,春岚
2,23559,春梅
2,23560,春桃
2,23561,春晓
2,23562,春雪
2,23563,春燕
2,23564,春英
2,23565,春雨
2,23566,淳静
2,23567,淳美
2,23568,淳雅
2,23569,慈心
2,23570,聪慧
2,23571,聪睿
2,23572,翠茵
2,23573,黛娥
2,23574,丹丹
2,23575,丹红
2,23576,丹溪
2,23577,笛韵
2,23578,典丽
2,23579,典雅
2,23580,蝶梦
2,23581,丁辰
2,23582,丁兰
2,23583,冬梅
2,23584,端静
2,23585,端丽
2,23586,端敏
2,23587,端雅
2,23588,端懿
2,23589,多思
2,23590,朵儿
2,23591,婀娜
2,23592,恩霈
2,23593,尔雅
2,23594,璠瑜
2,23595,方方
2,23596,方雅
2,23597,方仪
2,23598,芳蔼
2,23599,芳春
2,23600,芳芳
2,23601,芳菲
2,23602,芳馥
2,23603,芳华
2,23604,芳蕙
2,23605,芳洁
2,23606,芳林
2,23607,芳苓
2,23608,芳荃
2,23609,芳蕤
2,23610,芳润
2,23611,芳馨
2,23612,芳懿
2,23613,芳茵
2,23614,芳泽
2,23615,芳洲
2,23616,飞燕
2,23617,菲菲
2,23618,霏霏
2,23619,斐斐
2,23620,芬菲
2,23621,芬芬
2,23622,芬馥
2,23623,丰熙
2,23624,丰雅
2,23625,馥芬
2,23626,甘雨
2,23627,甘泽
2,23628,高洁
2,23629,歌阑
2,23630,歌云
2,23631,歌韵
2,23632,格菲
2,23633,格格
2,23634,葛菲
2,23635,古兰
2,23636,古香
2,23637,古韵
2,23638,谷雪
2,23639,谷玉
2,23640,瑰玮
2,23641,桂帆
2,23642,桂枫
2,23643,桂华
2,23644,桂月
2,23645,桂芝
2,23646,海儿
2,23647,海女
2,23648,含娇
2,23649,含景
2,23650,含文
2,23651,含香
2,23652,含秀
2,23653,晗玥
2,23654,涵涵
2,23655,涵韵
2,23656,菡梅
2,23657,好洁
2,23658,好慕
2,23659,浩岚
2,23660,浩丽
2,23661,皓洁
2,23662,皓月
2,23663,合乐
2,23664,合美
2,23665,合瑞
2,23666,和璧
2,23667,和静
2,23668,和美
2,23669,和暖
2,23670,和平
2,23671,和悌
2,23672,和煦
2,23673,和暄
2,23674,和雅
2,23675,和怡
2,23676,和玉
2,23677,和豫
2,23678,和悦
2,23679,河灵
2,23680,荷珠
2,23681,荷紫
2,23682,赫然
2,23683,鹤梦
2,23684,弘丽
2,23685,弘雅
2,23686,弘懿
2,23687,红豆
2,23688,红旭
2,23689,红叶
2,23690,闳丽
2,23691,虹星
2,23692,虹英
2,23693,虹颖
2,23694,虹影
2,23695,虹雨
2,23696,虹玉
2,23697,华采
2,23698,华楚
2,23699,华乐
2,23700,华婉
2,23701,华月
2,23702,华芝
2,23703,怀慕
2,23704,怀思
2,23705,怀玉
2,23706,欢欣
2,23707,欢悦
2,23708,会雯
2,23709,会欣
2,23710,彗云
2,23711,惠丽
2,23712,惠美
2,23713,惠然
2,23714,惠心
2,23715,慧婕
2,23716,慧君
2,23717,慧丽
2,23718,慧美
2,23719,慧心
2,23720,慧秀
2,23721,慧雅
2,23722,慧艳
2,23723,慧英
2,23724,慧颖
2,23725,慧语
2,23726,慧月
2,23727,慧云
2,23728,蕙兰
2,23729,蕙若
2,23730,吉帆
2,23731,吉玟
2,23732,吉敏
2,23733,吉欣
2,23734,吉星
2,23735,吉玉
2,23736,吉月
2,23737,季雅
2,23738,霁芸
2,23739,佳惠
2,23740,佳美
2,23741,佳思
2,23742,佳文
2,23743,佳妍
2,23744,佳悦
2,23745,家美
2,23746,家欣
2,23747,家馨
2,23748,嘉宝
2,23749,嘉惠
2,23750,嘉丽
2,23751,嘉美
2,23752,嘉禾
2,23753,嘉淑
2,23754,嘉歆
2,23755,嘉言
2,23756,嘉怡
2,23757,嘉懿
2,23758,嘉音
2,23759,嘉颖
2,23760,嘉玉
2,23761,嘉月
2,23762,嘉悦
2,23763,嘉云
2,23764,江雪
2,23765,姣姣
2,23766,姣丽
2,23767,姣妍
2,23768,娇洁
2,23769,娇然
2,23770,皎洁
2,23771,皎月
2,23772,杰秀
2,23773,洁静
2,23774,洁雅
2,23775,洁玉
2,23776,今歌
2,23777,今瑶
2,23778,今雨
2,23779,金玉
2,23780,金枝
2,23781,津童
2,23782,锦凡
2,23783,锦诗
2,23784,锦文
2,23785,锦欣
2,23786,瑾瑶
2,23787,菁菁
2,23788,菁英
2,23789,晶辉
2,23790,晶晶
2,23791,晶灵
2,23792,晶滢
2,23793,靓影
2,23794,静安
2,23795,静涵
2,23796,静和
2,23797,静慧
2,23798,静美
2,23799,静淑
2,23800,静恬
2,23801,静婉
2,23802,静娴
2,23803,静秀
2,23804,静雅
2,23805,静逸
2,23806,静云
2,23807,菊华
2,23808,菊月
2,23809,娟娟
2,23810,娟丽
2,23811,娟秀
2,23812,娟妍
2,23813,绢子
2,23814,隽洁
2,23815,隽美
2,23816,隽巧
2,23817,隽雅
2,23818,君洁
2,23819,君丽
2,23820,君雅
2,23821,筠溪
2,23822,筠心
2,23823,筠竹
2,23824,俊慧
2,23825,俊雅
2,23826,可可
2,23827,可儿
2,23828,可佳
2,23829,可嘉
2,23830,可心
2,23831,琨瑶
2,23832,琨瑜
2,23833,兰芳
2,23834,兰蕙
2,23835,兰梦
2,23836,兰娜
2,23837,兰若
2,23838,兰英
2,23839,兰月
2,23840,兰泽
2,23841,兰芝
2,23842,岚翠
2,23843,岚风
2,23844,岚岚
2,23845,蓝尹
2,23846,朗丽
2,23847,朗宁
2,23848,朗然
2,23849,乐然
2,23850,乐容
2,23851,乐心
2,23852,乐欣
2,23853,乐怡
2,23854,乐悦
2,23855,莉莉
2,23856,丽芳
2,23857,丽华
2,23858,丽佳
2,23859,丽姝
2,23860,丽思
2,23861,丽文
2,23862,丽雅
2,23863,丽玉
2,23864,丽泽
2,23865,丽珠
2,23866,林帆
2,23867,林楠
2,23868,琳芳
2,23869,琳怡
2,23870,琳瑜
2,23871,伶俐
2,23872,伶伶
2,23873,灵卉
2,23874,灵慧
2,23875,灵秀
2,23876,灵雨
2,23877,灵韵
2,23878,玲琅
2,23879,玲琳
2,23880,玲玲
2,23881,玲珑
2,23882,玲然
2,23883,凌春
2,23884,凌晓
2,23885,铃语
2,23886,菱凡
2,23887,菱华
2,23888,令慧
2,23889,令美
2,23890,流惠
2,23891,流丽
2,23892,流如
2,23893,流婉
2,23894,流逸
2,23895,柳思
2,23896,珑玲
2,23897,芦雪
2,23898,罗绮
2,23899,洛妃
2,23900,洛灵
2,23901,玛丽
2,23902,麦冬
2,23903,曼丽
2,23904,曼蔓
2,23905,曼妮
2,23906,曼婉
2,23907,曼吟
2,23908,曼语
2,23909,曼珠
2,23910,嫚儿
2,23911,蔓菁
2,23912,蔓蔓
2,23913,梅风
2,23914,梅红
2,23915,梅花
2,23916,梅梅
2,23917,梅青
2,23918,梅雪
2,23919,梅英
2,23920,美华
2,23921,美丽
2,23922,美曼
2,23923,美如
2,23924,萌阳
2,23925,蒙雨
2,23926,孟乐
2,23927,孟夏
2,23928,孟阳
2,23929,梦华
2,23930,梦兰
2,23931,梦丝
2,23932,梦桐
2,23933,梦影
2,23934,梦雨
2,23935,梦月
2,23936,梦云
2,23937,梦泽
2,23938,米琪
2,23939,米雪
2,23940,密如
2,23941,密思
2,23942,淼淼
2,23943,妙婧
2,23944,妙思
2,23945,妙颜
2,23946,妙意
2,23947,妙音
2,23948,妙珍
2,23949,玟丽
2,23950,玟玉
2,23951,珉瑶
2,23952,闵雨
2,23953,敏慧
2,23954,敏丽
2,23955,敏思
2,23956,名姝
2,23957,明煦
2,23958,明艳
2,23959,鸣晨
2,23960,鸣玉
2,23961,茗雪
2,23962,茉莉
2,23963,木兰
2,23964,牧歌
2,23965,慕诗
2,23966,慕思
2,23967,慕悦
2,23968,暮雨
2,23969,暮芸
2,23970,娜兰
2,23971,娜娜
2,23972,乃心
2,23973,乃欣
2,23974,囡囡
2,23975,楠楠
2,23976,妮娜
2,23977,妮子
2,23978,霓云
2,23979,旎旎
2,23980,念念
2,23981,宁乐
2,23982,凝洁
2,23983,凝静
2,23984,凝然
2,23985,凝思
2,23986,凝心
2,23987,凝雪
2,23988,凝雨
2,23989,凝远
2,23990,妞妞
2,23991,浓绮
2,23992,暖暖
2,23993,暖姝
2,23994,暖梦
2,23995,盼盼
2,23996,沛若
2,23997,佩兰
2,23998,佩杉
2,23999,佩玉
2,24000,佩珍
2,24001,彭丹
2,24002,嫔然
2,24003,品韵
2,24004,平和
2,24005,平惠
2,24006,平乐
2,24007,平良
2,24008,平宁
2,24009,平婉
2,24010,平晓
2,24011,平心
2,24012,平雅
2,24013,平莹
2,24014,萍雅
2,24015,萍韵
2,24016,璞玉
2,24017,齐敏
2,24018,齐心
2,24019,其雨
2,24020,奇思
2,24021,奇文
2,24022,奇颖
2,24023,颀秀
2,24024,琦巧
2,24025,琦珍
2,24026,琪华
2,24027,启颜
2,24028,绮怀
2,24029,绮丽
2,24030,绮美
2,24031,绮梦
2,24032,绮思
2,24033,绮文
2,24034,绮艳
2,24035,绮云
2,24036,千叶
2,24037,芊丽
2,24038,芊芊
2,24039,茜茜
2,24040,倩丽
2,24041,倩美
2,24042,倩秀
2,24043,倩语
2,24044,俏丽
2,24045,俏美
2,24046,琴心
2,24047,琴轩
2,24048,琴雪
2,24049,琴音
2,24050,琴韵
2,24051,卿月
2,24052,卿云
2,24053,清昶
2,24054,清芬
2,24055,清涵
2,24056,清华
2,24057,清晖
2,24058,清霁
2,24059,清嘉
2,24060,清宁
2,24061,清奇
2,24062,清绮
2,24063,清秋
2,24064,清润
2,24065,清淑
2,24066,清舒
2,24067,清婉
2,24068,清心
2,24069,清馨
2,24070,清雅
2,24071,清妍
2,24072,清一
2,24073,清漪
2,24074,清怡
2,24075,清逸
2,24076,清懿
2,24077,清莹
2,24078,清悦
2,24079,清韵
2,24080,清卓
2,24081,情文
2,24082,情韵
2,24083,晴波
2,24084,晴虹
2,24085,晴画
2,24086,晴岚
2,24087,晴丽
2,24088,晴美
2,24089,晴曦
2,24090,晴霞
2,24091,晴雪
2,24092,琼芳
2,24093,琼华
2,24094,琼岚
2,24095,琼诗
2,24096,琼思
2,24097,琼怡
2,24098,琼音
2,24099,琼英
2,24100,秋芳
2,24101,秋华
2,24102,秋露
2,24103,秋荣
2,24104,秋彤
2,24105,秋阳
2,24106,秋英
2,24107,秋颖
2,24108,秋玉
2,24109,秋月
2,24110,秋芸
2,24111,曲静
2,24112,曲文
2,24113,冉冉
2,24114,苒苒
2,24115,荏苒
2,24116,任真
2,24117,溶溶
2,24118,蓉城
2,24119,蓉蓉
2,24120,融雪
2,24121,柔怀
2,24122,柔惠
2,24123,柔洁
2,24124,柔谨
2,24125,柔静
2,24126,柔丽
2,24127,柔蔓
2,24128,柔妙
2,24129,柔淑
2,24130,柔婉
2,24131,柔煦
2,24132,柔绚
2,24133,柔雅
2,24134,如心
2,24135,如馨
2,24136,如仪
2,24137,如意
2,24138,如云
2,24139,茹薇
2,24140,茹雪
2,24141,茹云
2,24142,濡霈
2,24143,蕊珠
2,24144,芮安
2,24145,芮波
2,24146,芮欢
2,24147,芮佳
2,24148,芮静
2,24149,芮澜
2,24150,芮丽
2,24151,芮美
2,24152,芮欣
2,24153,芮雅
2,24154,芮优
2,24155,芮悦
2,24156,瑞彩
2,24157,瑞锦
2,24158,瑞灵
2,24159,瑞绣
2,24160,瑞云
2,24161,瑞芝
2,24162,睿敏
2,24163,睿思
2,24164,睿彤
2,24165,睿文
2,24166,睿哲
2,24167,睿姿
2,24168,润丽
2,24169,若芳
2,24170,若华
2,24171,若兰
2,24172,若淑
2,24173,若彤
2,24174,若英
2,24175,莎莉
2,24176,莎莎
2,24177,三春
2,24178,三姗
2,24179,三诗
2,24180,森莉
2,24181,森丽
2,24182,沙羽
2,24183,沙雨
2,24184,杉月
2,24185,姗姗
2,24186,善芳
2,24187,善和
2,24188,善静
2,24189,善思
2,24190,韶华
2,24191,韶丽
2,24192,韶美
2,24193,韶敏
2,24194,韶容
2,24195,韶阳
2,24196,韶仪
2,24197,邵美
2,24198,沈靖
2,24199,沈静
2,24200,沈然
2,24201,沈思
2,24202,沈雅
2,24203,诗怀
2,24204,诗文
2,24205,施然
2,24206,施诗
2,24207,世敏
2,24208,世英
2,24209,世韵
2,24210,书慧
2,24211,书仪
2,24212,书艺
2,24213,书意
2,24214,书语
2,24215,书云
2,24216,抒怀
2,24217,姝好
2,24218,姝惠
2,24219,姝丽
2,24220,姝美
2,24221,姝艳
2,24222,淑华
2,24223,淑惠
2,24224,淑慧
2,24225,淑静
2,24226,淑兰
2,24227,淑穆
2,24228,淑然
2,24229,淑婉
2,24230,淑贤
2,24231,淑雅
2,24232,淑懿
2,24233,淑哲
2,24234,淑贞
2,24235,舒畅
2,24236,舒方
2,24237,舒怀
2,24238,舒兰
2,24239,舒荣
2,24240,舒扬
2,24241,舒云
2,24242,帅红
2,24243,双文
2,24244,双玉
2,24245,水晶
2,24246,水悦
2,24247,水芸
2,24248,顺慈
2,24249,顺美
2,24250,丝柳
2,24251,丝萝
2,24252,丝娜
2,24253,丝琦
2,24254,丝琪
2,24255,丝祺
2,24256,丝微
2,24257,丝雨
2,24258,司辰
2,24259,司晨
2,24260,思嫒
2,24261,思宸
2,24262,思聪
2,24263,思迪
2,24264,思恩
2,24265,思凡
2,24266,思涵
2,24267,思慧
2,24268,思佳
2,24269,思嘉
2,24270,思洁
2,24271,思莲
2,24272,思琳
2,24273,思美
2,24274,思萌
2,24275,思敏
2,24276,思娜
2,24277,思楠
2,24278,思琪
2,24279,思若
2,24280,思思
2,24281,思彤
2,24282,思溪
2,24283,思雅
2,24284,思怡
2,24285,思义
2,24286,思懿
2,24287,思茵
2,24288,思莹
2,24289,思雨
2,24290,思语
2,24291,思云
2,24292,斯琪
2,24293,斯乔
2,24294,斯斯
2,24295,斯文
2,24296,斯雅
2,24297,松雪
2,24298,松雨
2,24299,松月
2,24300,素华
2,24301,素怀
2,24302,素洁
2,24303,素昕
2,24304,素欣
2,24305,棠华
2,24306,洮洮
2,24307,桃雨
2,24308,陶宁
2,24309,陶然
2,24310,陶宜
2,24311,天恩
2,24312,天慧
2,24313,天骄
2,24314,天籁
2,24315,天睿
2,24316,天心
2,24317,天欣
2,24318,天音
2,24319,天媛
2,24320,天悦
2,24321,天韵
2,24322,田然
2,24323,田田
2,24324,恬畅
2,24325,恬静
2,24326,恬美
2,24327,恬谧
2,24328,恬默
2,24329,恬然
2,24330,恬欣
2,24331,恬雅
2,24332,恬悦
2,24333,甜恬
2,24334,听然
2,24335,婷美
2,24336,婷然
2,24337,婷婷
2,24338,婷秀
2,24339,婷玉
2,24340,彤蕊
2,24341,彤彤
2,24342,彤雯
2,24343,彤霞
2,24344,彤云
2,24345,桐华
2,24346,桐欣
2,24347,童彤
2,24348,童童
2,24349,童欣
2,24350,宛畅
2,24351,宛曼
2,24352,宛妙
2,24353,莞尔
2,24354,莞然
2,24355,婉慧
2,24356,婉静
2,24357,婉丽
2,24358,婉娜
2,24359,婉清
2,24360,婉然
2,24361,婉容
2,24362,婉柔
2,24363,婉淑
2,24364,婉秀
2,24365,婉仪
2,24366,婉奕
2,24367,菀柳
2,24368,菀菀
2,24369,琬凝
2,24370,琬琰
2,24371,望慕
2,24372,望舒
2,24373,望雅
2,24374,微澜
2,24375,微婉
2,24376,微熹
2,24377,微月
2,24378,薇歌
2,24379,韦曲
2,24380,韦柔
2,24381,韦茹
2,24382,苇然
2,24383,玮奇
2,24384,玮琪
2,24385,玮艺
2,24386,未央
2,24387,蔚然
2,24388,文惠
2,24389,文静
2,24390,文君
2,24391,文丽
2,24392,文敏
2,24393,文墨
2,24394,文姝
2,24395,文思
2,24396,文心
2,24397,文瑶
2,24398,文漪
2,24399,文茵
2,24400,雯华
2,24401,雯丽
2,24402,问筠
2,24403,梧桐
2,24404,西华
2,24405,希月
2,24406,希恩
2,24407,希慕
2,24408,希蓉
2,24409,希彤
2,24410,惜玉
2,24411,熙华
2,24412,熙柔
2,24413,熙熙
2,24414,熙阳
2,24415,熙怡
2,24416,喜儿
2,24417,喜悦
2,24418,霞飞
2,24419,霞辉
2,24420,霞绮
2,24421,霞姝
2,24422,霞文
2,24423,夏萱
2,24424,夏璇
2,24425,夏雪
2,24426,夏月
2,24427,仙仪
2,24428,仙媛
2,24429,仙韵
2,24430,闲华
2,24431,闲静
2,24432,闲丽
2,24433,贤惠
2,24434,贤淑
2,24435,咸英
2,24436,娴静
2,24437,娴淑
2,24438,娴婉
2,24439,娴雅
2,24440,羡丽
2,24441,献仪
2,24442,献玉
2,24443,香洁
2,24444,香梅
2,24445,香馨
2,24446,香雪
2,24447,湘君
2,24448,湘灵
2,24449,湘云
2,24450,向晨
2,24451,宵晨
2,24452,宵雨
2,24453,宵月
2,24454,萧曼
2,24455,萧玉
2,24456,箫笛
2,24457,箫吟
2,24458,小春
2,24459,小枫
2,24460,小谷
2,24461,小楠
2,24462,小琴
2,24463,小雯
2,24464,小星
2,24465,小瑜
2,24466,小雨
2,24467,晓畅
2,24468,晓枫
2,24469,晓慧
2,24470,晓莉
2,24471,晓楠
2,24472,晓彤
2,24473,晓桐
2,24474,晓星
2,24475,晓燕
2,24476,笑雯
2,24477,笑笑
2,24478,笑妍
2,24479,心慈
2,24480,心菱
2,24481,心诺
2,24482,心香
2,24483,心宜
2,24484,心怡
2,24485,心语
2,24486,心远
2,24487,忻畅
2,24488,忻欢
2,24489,忻乐
2,24490,忻慕
2,24491,忻然
2,24492,忻忻
2,24493,忻愉
2,24494,昕昕
2,24495,欣彩
2,24496,欣畅
2,24497,欣合
2,24498,欣嘉
2,24499,欣可
2,24500,欣美
2,24501,欣然
2,24502,欣彤
2,24503,欣笑
2,24504,欣欣
2,24505,欣艳
2,24506,欣怡
2,24507,欣愉
2,24508,欣悦
2,24509,欣跃
2,24510,莘莘
2,24511,新洁
2,24512,新林
2,24513,新美
2,24514,新苗
2,24515,新荣
2,24516,新文
2,24517,新雪
2,24518,新雅
2,24519,新颖
2,24520,新雨
2,24521,新语
2,24522,新月
2,24523,歆美
2,24524,歆然
2,24525,馨兰
2,24526,馨荣
2,24527,馨蓉
2,24528,馨香
2,24529,馨欣
2,24530,杏儿
2,24531,修洁
2,24532,修美
2,24533,修敏
2,24534,秀华
2,24535,秀慧
2,24536,秀杰
2,24537,秀洁
2,24538,秀娟
2,24539,秀隽
2,24540,秀筠
2,24541,秀兰
2,24542,秀丽
2,24543,秀曼
2,24544,秀梅
2,24545,秀美
2,24546,秀媚
2,24547,秀敏
2,24548,秀妮
2,24549,秀婉
2,24550,秀雅
2,24551,秀艳
2,24552,秀逸
2,24553,秀英
2,24554,秀颖
2,24555,秀媛
2,24556,秀越
2,24557,秀竹
2,24558,绣文
2,24559,绣梓
2,24560,轩秀
2,24561,萱彤
2,24562,暄和
2,24563,暄美
2,24564,暄妍
2,24565,玄静
2,24566,玄穆
2,24567,玄清
2,24568,玄素
2,24569,玄雅
2,24570,璇玑
2,24571,璇娟
2,24572,璇珠
2,24573,璇子
2,24574,雪冰
2,24575,雪儿
2,24576,雪帆
2,24577,雪翎
2,24578,雪漫
2,24579,雪艳
2,24580,雪羽
2,24581,寻春
2,24582,寻芳
2,24583,雅爱
2,24584,雅安
2,24585,雅唱
2,24586,雅丹
2,24587,雅凡
2,24588,雅歌
2,24589,雅惠
2,24590,雅洁
2,24591,雅静
2,24592,雅隽
2,24593,雅可
2,24594,雅丽
2,24595,雅美
2,24596,雅楠
2,24597,雅宁
2,24598,雅萍
2,24599,雅韶
2,24600,雅诗
2,24601,雅素
2,24602,雅娴
2,24603,雅秀
2,24604,雅艳
2,24605,雅逸
2,24606,雅懿
2,24607,雅云
2,24608,雅韵
2,24609,雅致
2,24610,娅芳
2,24611,娅静
2,24612,娅玟
2,24613,娅楠
2,24614,娅思
2,24615,娅童
2,24616,娅欣
2,24617,妍芳
2,24618,妍歌
2,24619,妍和
2,24620,妍丽
2,24621,妍雅
2,24622,妍妍
2,24623,芫华
2,24624,言文
2,24625,言心
2,24626,俨雅
2,24627,琰琬
2,24628,彦红
2,24629,彦慧
2,24630,彦珺
2,24631,彦灵
2,24632,彦露
2,24633,彦杉
2,24634,彦芝
2,24635,晏静
2,24636,晏然
2,24637,晏如
2,24638,艳芳
2,24639,艳卉
2,24640,艳蕙
2,24641,燕桦
2,24642,燕珺
2,24643,燕岚
2,24644,燕楠
2,24645,燕妮
2,24646,燕婉
2,24647,燕舞
2,24648,燕子
2,24649,阳霁
2,24650,阳兰
2,24651,阳曦
2,24652,阳阳
2,24653,杨柳
2,24654,洋然
2,24655,洋洋
2,24656,漾漾
2,24657,瑶岑
2,24658,瑶瑾
2,24659,野雪
2,24660,野云
2,24661,叶春
2,24662,叶丹
2,24663,叶帆
2,24664,叶芳
2,24665,叶飞
2,24666,叶丰
2,24667,叶吉
2,24668,叶嘉
2,24669,叶农
2,24670,叶彤
2,24671,叶舞
2,24672,叶欣
2,24673,晔晔
2,24674,一凡
2,24675,一禾
2,24676,一嘉
2,24677,一瑾
2,24678,一南
2,24679,一雯
2,24680,一璇
2,24681,依美
2,24682,依楠
2,24683,依然
2,24684,依童
2,24685,依心
2,24686,仪芳
2,24687,仪文
2,24688,宜春
2,24689,宜嘉
2,24690,宜楠
2,24691,宜然
2,24692,宜欣
2,24693,怡畅
2,24694,怡和
2,24695,怡嘉
2,24696,怡乐
2,24697,怡璐
2,24698,怡木
2,24699,怡宁
2,24700,怡然
2,24701,怡月
2,24702,怡悦
2,24703,颐和
2,24704,颐然
2,24705,颐真
2,24706,以欣
2,24707,以轩
2,24708,佁然
2,24709,倚云
2,24710,忆敏
2,24711,忆然
2,24712,忆远
2,24713,怿悦
2,24714,奕叶
2,24715,奕奕
2,24716,轶丽
2,24717,逸丽
2,24718,逸美
2,24719,逸思
2,24720,逸馨
2,24721,逸秀
2,24722,逸雅
2,24723,逸云
2,24724,逸致
2,24725,茵茵
2,24726,音华
2,24727,音景
2,24728,音仪
2,24729,音悦
2,24730,音韵
2,24731,吟怀
2,24732,银河
2,24733,银柳
2,24734,银瑶
2,24735,饮香
2,24736,饮月
2,24737,胤文
2,24738,胤雅
2,24739,英华
2,24740,英慧
2,24741,英楠
2,24742,英秀
2,24743,英媛
2,24744,莺莺
2,24745,莺语
2,24746,莺韵
2,24747,瑛瑶
2,24748,樱花
2,24749,璎玑
2,24750,迎秋
2,24751,盈盈
2,24752,莹白
2,24753,莹华
2,24754,莹洁
2,24755,莹然
2,24756,莹莹
2,24757,莹玉
2,24758,萦怀
2,24759,萦思
2,24760,萦心
2,24761,滢滢
2,24762,颖初
2,24763,颖慧
2,24764,颖然
2,24765,颖馨
2,24766,颖秀
2,24767,颖颖
2,24768,映波
2,24769,映雪
2,24770,雍恬
2,24771,雍雅
2,24772,优乐
2,24773,优扬
2,24774,优悠
2,24775,优瑗
2,24776,优悦
2,24777,攸然
2,24778,悠柔
2,24779,悠素
2,24780,悠婉
2,24781,悠馨
2,24782,悠雅
2,24783,悠奕
2,24784,悠逸
2,24785,幼安
2,24786,幼仪
2,24787,幼怡
2,24788,余馥
2,24789,余妍
2,24790,愉婉
2,24791,愉心
2,24792,瑜蓓
2,24793,瑜敏
2,24794,瑜然
2,24795,瑜英
2,24796,羽彤
2,24797,雨彤
2,24798,雨燕
2,24799,语冰
2,24800,语林
2,24801,语诗
2,24802,语彤
2,24803,语心
2,24804,语燕
2,24805,玉华
2,24806,玉环
2,24807,玉瑾
2,24808,玉珂
2,24809,玉轩
2,24810,玉怡
2,24811,玉英
2,24812,元英
2,24813,爰美
2,24814,爰爰
2,24815,源源
2,24816,远悦
2,24817,媛女
2,24818,月桂
2,24819,月华
2,24820,月朗
2,24821,月灵
2,24822,月明
2,24823,月杉
2,24824,月桃
2,24825,月天
2,24826,月怡
2,24827,月悦
2,24828,悦爱
2,24829,悦畅
2,24830,悦和
2,24831,悦恺
2,24832,悦可
2,24833,悦来
2,24834,悦乐
2,24835,悦人
2,24836,悦喜
2,24837,悦心
2,24838,悦欣
2,24839,悦宜
2,24840,悦怡
2,24841,悦远
2,24842,悦媛
2,24843,云淡
2,24844,云飞
2,24845,云岚
2,24846,云露
2,24847,云梦
2,24848,云韶
2,24849,云水
2,24850,云亭
2,24851,云蔚
2,24852,云溪
2,24853,云霞
2,24854,云心
2,24855,云英
2,24856,芸芸
2,24857,韫素
2,24858,韫玉
2,24859,韵流
2,24860,韵梅
2,24861,韵宁
2,24862,韵磬
2,24863,韵诗
2,24864,蕴涵
2,24865,蕴和
2,24866,蕴美
2,24867,蕴秀
2,24868,赞怡
2,24869,赞悦
2,24870,泽恩
2,24871,泽惠
2,24872,湛恩
2,24873,湛芳
2,24874,湛静
2,24875,昭懿
2,24876,昭昭
2,24877,哲丽
2,24878,哲美
2,24879,哲思
2,24880,哲妍
2,24881,贞芳
2,24882,贞静
2,24883,贞婉
2,24884,贞怡
2,24885,贞韵
2,24886,珍丽
2,24887,珍瑞
2,24888,真洁
2,24889,真如
2,24890,真茹
2,24891,真一
2,24892,真仪
2,24893,正平
2,24894,正清
2,24895,正思
2,24896,正雅
2,24897,芝兰
2,24898,芝英
2,24899,芝宇
2,24900,知慧
2,24901,知睿
2,24902,芷兰
2,24903,芷琪
2,24904,芷若
2,24905,致欣
2,24906,致萱
2,24907,智美
2,24908,智敏
2,24909,仲舒
2,24910,珠佩
2,24911,珠星
2,24912,珠轩
2,24913,珠雨
2,24914,珠玉
2,24915,竹筱
2,24916,竹萱
2,24917,竹雨
2,24918,竹月
2,24919,竹悦
2,24920,竹韵
2,24921,庄静
2,24922,庄丽
2,24923,庄雅
2,24924,卓然
2,24925,卓逸
2,24926,子爱
2,24927,子丹
2,24928,子帆
2,24929,子凡
2,24930,子菡
2,24931,子怀
2,24932,子惠
2,24933,子蕙
2,24934,子琳
2,24935,子美
2,24936,子楠
2,24937,子宁
2,24938,子舒
2,24939,子童
2,24940,子薇
2,24941,子欣
2,24942,子萱
2,24943,子璇
2,24944,子怡
2,24945,子亦
2,24946,子悦
2,24947,子珍
2,24948,梓蓓
2,24949,梓涵
2,24950,梓洁
2,24951,梓菱
2,24952,梓露
2,24953,梓璐
2,24954,梓美
2,24955,梓敏
2,24956,梓楠
2,24957,梓倩
2,24958,梓柔
2,24959,梓珊
2,24960,梓舒
2,24961,梓婷
2,24962,梓彤
2,24963,梓童
2,24964,梓琬
2,24965,梓欣
2,24966,梓馨
2,24967,梓萱
2,24968,梓瑶
2,24969,梓莹
2,24970,梓颖
2,24971,梓榆
2,24972,梓云
2,24973,紫蕙
2,24974,紫琼
2,24975,紫杉
2,24976,紫桐
2,24977,紫薇
2,24978,紫玉
2,24979,若雨
2,24980,静香
2,24981,梦洁
2,24982,凌薇
2,24983,美莲
2,24984,雪丽
2,24985,依娜
2,24986,雅芙
2,24987,雨婷
2,24988,晟涵
2,24989,梦舒
2,24990,秀影
2,24991,海琼
2,24992,雪娴
2,24993,梦梵
2,24994,笑薇
2,24995,瑾梅
2,24996,晟楠
2,24997,歆婷
2,24998,可岚
2,24999,天瑜
2,25000,婧琪
2,25001,媛馨
2,25002,滢心
2,25003,雪馨
2,25004,姝瑗
2,25005,颖娟
2,25006,歆瑶
2,25007,凌菲
2,25008,钰琪
2,25009,婧宸
2,25010,靖瑶
2,25011,瑾萱
2,25012,佑怡
2,25013,檀雅
2,25014,熙雯
2,25015,语嫣
2,25016,妍洋
2,25017,滢玮
2,25018,沐卉
2,25019,琪涵
2,25020,佳琦
2,25021,伶韵
2,25022,思睿
2,25023,清菡
2,25024,欣溶
2,25025,菲絮
2,25026,诗涵
2,25027,璇滢
2,25028,静馨
2,25029,心琪
2,25030,雅媛
2,25031,晨芙
2,25032,婧诗
2,25033,露雪
2,25034,蕊琪
2,25035,舒雅
2,25036,诗茵
2,25037,静璇
2,25038,婕珍
2,25039,婉婷
2,25040,云薇
2,25041,霏羽
2,25042,妍琦
2,25043,茗茶
2,25044,昭雪
2,25045,倩雪
2,25046,玉珍
2,25047,正梅
2,25048,美琳
2,25049,欢馨
2,25050,优璇
2,25051,雨嘉
2,25052,明美
2,25053,可馨
2,25054,惠茜
2,25055,漫妮
2,25056,香茹
2,25057,月婵
2,25058,嫦曦
2,25059,怡香
2,25060,韵寒
2,25061,莉姿
2,25062,梦璐
2,25063,灵芸
2,25064,沛玲
2,25065,欣妍
2,25066,曼婷
2,25067,雪慧
2,25068,淑颖
2,25069,钰彤
2,25070,彤萱
2,25071,梦涵
2,25072,慧妍
2,25073,梦婷
2,25074,雪怡
2,25075,彦歆
2,25076,芮涵
2,25077,婧涵
2,25078,鑫蕾
2,25079,希蓝
2,25080,雪环
2,25081,慕涵
2,25082,思蕊
2,25083,思淼
2,25084,芮婷
2,25085,芸熙
2,25086,婧瑶
2,25087,沁舒
2,25088,恨寒
2,25089,秋春
2,25090,梦香
2,25091,春冬
2,25092,恨荷
2,25093,翠岚
2,25094,盼丹
2,25095,痴旋
2,25096,寄春
2,25097,恨之
2,25098,巧春
2,25099,友珊
2,25100,忆柏
2,25101,秋柏
2,25102,巧风
2,25103,恨蝶
2,25104,春枫
2,25105,又儿
2,25106,问香
2,25107,恨竹
2,25108,慕蕊
2,25109,恨云
2,25110,痴春
2,25111,孤松
2,25112,香柳
2,25113,问春
2,25114,半香
2,25115,碧巧
2,25116,寻菡
2,25117,沛白
2,25118,平灵
2,25119,惜香
2,25120,谷枫
2,25121,盼旋
2,25122,幼旋
2,25123,尔蓝
2,25124,沛山
2,25125,代丝
2,25126,痴梅
2,25127,觅松
2,25128,碧春
2,25129,香桃
2,25130,安春
2,25131,靖易
2,25132,寄灵
2,25133,采春
2,25134,初珍
2,25135,恨真
2,25136,山梅
2,25137,恨桃
2,25138,香巧
2,25139,南蓉
2,25140,巧兰
2,25141,寻巧
2,25142,寄波
2,25143,念巧
2,25144,春翠
2,25145,映阳
2,25146,春柔
2,25147,忆香
2,25148,恨天
2,25149,恨松
2,25150,问旋
2,25151,从南
2,25152,白易
2,25153,寒雁
2,25154,怜云
2,25155,寻文
2,25156,乐丹
2,25157,翠柔
2,25158,谷山
2,25159,冬儿
2,25160,春竹
2,25161,痴梦
2,25162,晓巧
2,25163,南春
2,25164,春雁
2,25165,从安
2,25166,怀萍
2,25167,听白
2,25168,访琴
2,25169,绿春
2,25170,友绿
2,25171,紫南
2,25172,新巧
2,25173,冷安
2,25174,雅阳
2,25175,南松
2,25176,诗云
2,25177,飞风
2,25178,书芹
2,25179,幼南
2,25180,凡梦
2,25181,尔曼
2,25182,念波
2,25183,迎松
2,25184,青寒
2,25185,笑天
2,25186,问安
2,25187,夜白
2,25188,灵竹
2,25189,醉薇
2,25190,水云
2,25191,谷波
2,25192,乐之
2,25193,笑白
2,25194,之山
2,25195,妙海
2,25196,平夏
2,25197,向萍
2,25198,寻南
2,25199,春文
2,25200,采绿
2,25201,天春
2,25202,平绿
2,25203,盼香
2,25204,半雪
2,25205,山柳
2,25206,妙春
2,25207,半安
2,25208,平春
2,25209,幼柏
2,25210,天巧
2,25211,痴灵
2,25212,孤风
2,25213,绮彤
2,25214,之玉
2,25215,雨珍
2,25216,香波
2,25217,新冬
2,25218,盼翠
2,25219,痴香
2,25220,香柏
2,25221,巧绿
2,25222,香春
2,25223,香莲
2,25224,香芹
2,25225,听春
2,25226,海桃
2,25227,青香
2,25228,恨风
2,25229,春绿
2,25230,秋白
2,25231,冰安
2,25232,南风
2,25233,醉山
2,25234,初彤
2,25235,凝海
2,25236,香卉
2,25237,春柏
2,25238,绿夏
2,25239,巧春
2,25240,恨瑶
2,25241,香蝶
2,25242,盼巧
2,25243,易容
2,25244,元柳
2,25245,半香
2,25246,秋巧
2,25247,秋萌
2,25248,子希
2,25249,玉琼
2,25250,云容
2,25251,琦男
2,25252,雨瞳
2,25253,舒锦
2,25254,宇涵
2,25255,丹钰
2,25256,小哲
2,25257,雪玲
2,25258,佳晨
2,25259,源心
2,25260,思杰
2,25261,玲伟
2,25262,如清
2,25263,钰婷
2,25264,思行
2,25265,子蕴
2,25266,露心
2,25267,升芮
2,25268,思媛
2,25269,宁馨
2,25270,丹婷
2,25271,青昕
2,25272,佩芝
2,25273,琼宇
2,25274,佳宁
2,25275,尚萍
2,25276,思宁
2,25277,学明
2,25278,宇玲
2,25279,姝静
2,25280,卓尔
2,25281,子嘉
2,25282,文芷
2,25283,思妤
2,25284,思贤
2,25285,奕菲
2,25286,子竹
2,25287,千芮
2,25288,欣月
2,25289,铭雅
2,25290,子熙
2,25291,微宁
2,25292,诗茜
2,25293,月云
2,25294,天璐
2,25295,敏津
2,25296,思惟
2,25297,思清
2,25298,子苏
2,25299,钰雯
2,25300,陈茹
2,25301,玲博
2,25302,玉晨
2,25303,悦昀
2,25304,子馨
2,25305,晓钰
2,25306,源思
2,25307,子鑫
2,25308,丽菲
2,25309,秋萍
2,25310,钰瑶
2,25311,海娜
2,25312,宇琳
2,25313,致雨
2,25314,书静
2,25315,瑞哲
2,25316,怡静
2,25317,婷超
2,25318,小佳
2,25319,暖茹
2,25320,爱婷
2,25321,佳琳
2,25322,子心
2,25323,倩璐
2,25324,婷露
2,25325,美美
2,25326,小蔚
2,25327,文歆
2,25328,文池
2,25329,秋菲
2,25330,惟乔
2,25331,嘉柔
2,25332,子瑜
2,25333,修宜
2,25334,祥芳
2,25335,尚雪
2,25336,舒瑶
2,25337,璐清
2,25338,华珊
2,25339,泺蓉
2,25340,淑仪
2,25341,渝茜
2,25342,清芸
2,25343,丹蕾
2,25344,潇娇
2,25345,泓蓓
2,25346,美媛
2,25347,蓓涛
2,25348,泓蓉
2,25349,润灵
2,25350,湘鸿
2,25351,涵素
2,25352,清芷
2,25353,钰岚
2,25354,润娇
2,25355,鸿莉
2,25356,淳芸
2,25357,治蓓
2,25358,洁茹
2,25359,翠燕
2,25360,治蓉
2,25361,润瑶
2,25362,蓓淳
2,25363,泳兰
2,25364,莹青
2,25365,潇葶
2,25366,祥萍
2,25367,泳薇
2,25368,婧珊
2,25369,洪苇
2,25370,钰琼
2,25371,泳婷
2,25372,芝潇
2,25373,荧洁
2,25374,潇圣
2,25375,蓓淋
2,25376,涵蓉
2,25377,健明
2,25378,慧菲
2,25379,一曦
2,25380,雪媛
2,25381,瀚薇
2,25382,泳乐
2,25383,筱梅
2,25384,潇萍
2,25385,晨灵
2,25386,满茹
2,25387,婧馨
2,25388,菲琼
2,25389,湘蓉
2,25390,文倩
2,25391,梓惜
2,25392,艺淑
2,25393,漩希
2,25394,淑芹
2,25395,洲茗
2,25396,娅莎
2,25397,柏元
2,25398,柏丹
2,25399,晓倩
2,25400,涵菲
2,25401,静萱
2,25402,兰熙
2,25403,溢茹
2,25404,科予
2,25405,治莉
2,25406,钰颖
2,25407,滢葭
2,25408,方倩
2,25409,泳蕴
2,25410,潇蓓
2,25411,泳葶
2,25412,映清
2,25413,雪云
2,25414,潇蓉
2,25415,一洋
2,25416,艺洋
2,25417,涵莉
2,25418,芝满
2,25419,敏雅
2,25420,瀚葳
2,25421,丽惠
2,25422,湘漩
2,25423,钰婵
2,25424,洪葶
2,25425,艺苑
2,25426,玲花
2,25427,善莹
2,25428,丽艳
2,25429,金娥
2,25430,瑶洁
2,25431,培红
2,25432,傲雪
2,25433,子瑛
2,25434,娜拉
2,25435,淑霞
2,25436,彩芬
2,25437,怡瑾
2,25438,蓝玉
2,25439,婧怡
2,25440,百莹
2,25441,振文
2,25442,雅悦
2,25443,悦羽
2,25444,新红
2,25445,婵伊
2,25446,子玲
2,25447,蓉骊
2,25448,丹梅
2,25449,亦媛
2,25450,瑞莹
2,25451,莹秀
2,25452,筱燕
2,25453,利娟
2,25454,棕莹
2,25455,灵玲
2,25456,颜妍
2,25457,雯倩
2,25458,金娟
2,25459,幼媛
2,25460,卓悦
2,25461,娅鸿
2,25462,慧蓉
2,25463,巍妍
2,25464,蘅莹
2,25465,婷婕
2,25466,秀欣
2,25467,素芬
2,25468,耿冉
2,25469,晓英
2,25470,洲玉
2,25471,满琳
2,25472,佑文
2,25473,玲玉
2,25474,惠媛
2,25475,琳俏
2,25476,腹嫣
2,25477,海莉
2,25478,小雪
2,25479,润红
2,25480,喜文
2,25481,燕飞
2,25482,灵玉
2,25483,青冉
2,25484,妮怡
2,25485,建琳
2,25486,娇瑶
2,25487,志红
2,25488,潆文
2,25489,秀斌
2,25490,雁萍
2,25491,细萍
2,25492,韵萍
2,25493,韵洁
2,25494,艳琼
2,25495,沃颖
2,25496,惠芳
2,25497,悦琳
2,25498,瑜玲
2,25499,岱玉
2,25500,可琴
2,25501,叶洁
2,25502,估倩
2,25503,知英
2,25504,媛玲
2,25505,若怡
2,25506,倩莹
2,25507,玲烨
2,25508,莹丰
2,25509,恒文
2,25510,洪萍
2,25511,净琳
2,25512,希怡
2,25513,福英
2,25514,治文
2,25515,贻芬
2,25516,旭文
2,25517,盛玉
2,25518,逸妍
2,25519,莉箐
2,25520,瑛才
2,25521,佳佩
2,25522,月辰
2,25523,莎婷
2,25524,天佳
2,25525,可涵
2,25526,柳嘉
2,25527,楚颖
2,25528,姝慧
2,25529,钟灵
2,25530,萌萌
2,25531,萍玲
2,25532,明萱
2,25533,珂玉
2,25534,以柔
2,25535,彦彦
2,25536,钰娇
2,25537,小岚
2,25538,佩莹
2,25539,天宜
2,25540,于竹
2,25541,会云
2,25542,楠倩
2,25543,昕颖
2,25544,晓萌
2,25545,可苗
2,25546,琳馨
2,25547,静姝
2,25548,文萌
2,25549,婷来
2,25550,歆彤
2,25551,阳竹
2,25552,刘一
2,25553,天莹
2,25554,茹钐
2,25555,妤鑫
2,25556,嘉芝
2,25557,语茜
2,25558,琦芳
2,25559,姝雯
2,25560,梦妍
2,25561,天阳
2,25562,若月
2,25563,楠萱
2,25564,桂瑶
2,25565,阳梦
2,25566,欣佩
2,25567,绚丽
2,25568,刘依
2,25569,海欣
2,25570,姝涵
2,25571,伟宁
2,25572,敬姝
2,25573,斐然
2,25574,娇柳
2,25575,闻珈
2,25576,千筱
2,25577,楚阳
2,25578,梦瑶
2,25579,泗彤
2,25580,涵妍
2,25581,佳璇
2,25582,珊莉
2,25583,可意
2,25584,优若
2,25585,思莎
2,25586,明夷
2,25587,怡如
2,25588,宛扬
2,25589,天婷
2,25590,子学
2,25591,艺萱
2,25592,梦一
2,25593,蓓南
2,25594,泗桐
2,25595,嫣笑
2,25596,梦晨
2,25597,旖旎
2,25598,秋奕
2,25599,菲玲
2,25600,千明
2,25601,若晨
2,25602,雨桐
2,25603,秋可
2,25604,怡桥
2,25605,秋力
2,25606,秋影
2,25607,宣虹
2,25608,紫瑶
2,25609,姝澄
2,25610,书锦
2,25611,秋园
2,25612,秋婵
2,25613,姣柏
2,25614,薇睿
2,25615,雪梦
2,25616,秋越
2,25617,思静
2,25618,家达
2,25619,进如
2,25620,秋娅
2,25621,秋佳
2,25622,秋倩
2,25623,怡荣
2,25624,函乐
2,25625,秋优
2,25626,巧芝
2,25627,元月
2,25628,仪睿
2,25629,秋玮
2,25630,柔鑫
2,25631,怡净
2,25632,怡飞
2,25633,琼芹
2,25634,秋伊
2,25635,昕语
2,25636,元诗
2,25637,媛菁
2,25638,丘悦
2,25639,秋惟
2,25640,宵穆
2,25641,思月
2,25642,秋维
2,25643,飞舟
2,25644,书瑾
2,25645,秋宜
2,25646,妍菲
2,25647,秋秋
2,25648,婉滢
2,25649,芸慧
2,25650,秋璐
2,25651,海佳
2,25652,柔心
2,25653,婉莹
2,25654,怡菲
2,25655,秋宇
2,25656,柔伊
2,25657,邱月
2,25658,紫丹
2,25659,怡馨
2,25660,紫涵
2,25661,昕雨
2,25662,怡婧
2,25663,怡越
2,25664,红铮
2,25665,盈霏
2,25666,奕澄
2,25667,园月
2,25668,婷铄
2,25669,勇龙
2,25670,秋叶
2,25671,秋悦
2,25672,国乐
2,25673,函涟
2,25674,朝闻
2,25675,前俞
2,25676,美茜
2,25677,靖荣
2,25678,宸娆
2,25679,元怡
2,25680,思颖
2,25681,琼菲
2,25682,芝卓
2,25683,飞霏
2,25684,薇婷
2,25685,丘月
2,25686,盼臻
2,25687,元亚
2,25688,姝霏
2,25689,秋巍
2,25690,秋逸
2,25691,炜瑶
2,25692,茹茹
2,25693,韵涵
2,25694,雨华
2,25695,宇佳
2,25696,雯钰
2,25697,炜莹
2,25698,会媛
2,25699,莉纯
2,25700,雨菲
2,25701,焯琳
2,25702,月倩
2,25703,岚烁
2,25704,彤琰
2,25705,鑫媛
2,25706,丽丽
2,25707,月玲
2,25708,炜珂
2,25709,炜萌
2,25710,雨芬
2,25711,雨芯
2,25712,菲慧
2,25713,月炜
2,25714,紫菡
2,25715,籽涵
2,25716,萌怡
2,25717,柳媚
2,25718,月彤
2,25719,慧慧
2,25720,彤心
2,25721,韵彤
2,25722,炜钰
2,25723,倩倩
2,25724,炜仪
2,25725,莲莲
2,25726,海婷
2,25727,娟嘉
2,25728,若舒
2,25729,炜诗
2,25730,婷娜
2,25731,楚苑
2,25732,美莹
2,25733,云云
2,25734,美瑾
2,25735,宁子
2,25736,雪芝
2,25737,灵茜
2,25738,咨菡
2,25739,玲雯
2,25740,梦琼
2,25741,苗苗
2,25742,筠涵
2,25743,睿涵
2,25744,海玲
2,25745,炜歆
2,25746,媛媛
2,25747,嘉茹
2,25748,先飘
2,25749,桂苑
2,25750,晓敏
2,25751,钰媛
2,25752,蕾蕾
2,25753,茈涵
2,25754,丹媛
2,25755,芹彤
2,25756,子涵
2,25757,蕴菡
2,25758,灵敏
2,25759,籽菡
2,25760,萌雅
2,25761,韵蕴
2,25762,姿菡
2,25763,林韵
2,25764,彩灵
2,25765,妙琦
2,25766,沅彤
2,25767,炜娴
2,25768,嘉君
2,25769,玉玉
2,25770,巧宜
2,25771,蒙林
2,25772,浩飞
2,25773,莉丹
2,25774,茜欣
2,25775,茜玮
2,25776,骁飞
2,25777,金瑶
2,25778,丞真
2,25779,茜玲
2,25780,茹恒
2,25781,茜雯
2,25782,嘉洁
2,25783,淑玲
2,25784,雅姌
2,25785,茹涵
2,25786,琳菁
2,25787,婷支
2,25788,诗雅
2,25789,颖婷
2,25790,丽燕
2,25791,佳婷
2,25792,颖嘉
2,25793,文萍
2,25794,洁晴
2,25795,云丹
2,25796,博欣
2,25797,茜颖
2,25798,菁怡
2,25799,嘉仪
2,25800,亦舒
2,25801,茜菲
2,25802,诗家
2,25803,丹倩
2,25804,莎祺
2,25805,若君
2,25806,淑晴
2,25807,丽彤
2,25808,钰林
2,25809,瑾莲
2,25810,林佩
2,25811,茗月
2,25812,芷瑶
2,25813,灵然
2,25814,可梅
2,25815,莎倩
2,25816,佳金
2,25817,智圆
2,25818,楚怡
2,25819,茹桁
2,25820,莎玲
2,25821,雨青
2,25822,怡秀
2,25823,喜芳
2,25824,喜芬
2,25825,茜雅
2,25826,思蓓
2,25827,颖菊
2,25828,述华
2,25829,康明
2,25830,雯芝
2,25831,晓桃
2,25832,颖菲
2,25833,羽婷
2,25834,金欣
2,25835,承恩
2,25836,茜璇
2,25837,伟仪
2,25838,小茹
2,25839,诗茗
2,25840,雅茜
2,25841,玉珊
2,25842,伟桢
2,25843,茜菁
2,25844,晓宜
2,25845,茜珊
2,25846,茜婕
2,25847,智宁
2,25848,胜文
2,25849,淼嘉
2,25850,婷菁
2,25851,喜家
2,25852,云倩
2,25853,宵非
2,25854,丹茹
2,25855,茗心
2,25856,羽萍
2,25857,雅臻
2,25858,佳恩
2,25859,婷芝
2,25860,茜芸
2,25861,荣哲
2,25862,楚玲
2,25863,茜琼
2,25864,梅嘉
2,25865,雅菲
2,25866,雯洁
2,25867,萍馨
2,25868,详风
2,25869,萧翡
2,25870,婷芸
2,25871,依依
2,25872,颖宜
2,25873,萧菲
2,25874,怡怡
2,25875,嘉佳
2,25876,钰柔
2,25877,雅清
2,25878,哓飞
2,25879,惠子
2,25880,莉雅
2,25881,雪芳
2,25882,冰菁
2,25883,娟婧
2,25884,苏华
2,25885,诗意
2,25886,雅昕
2,25887,茗倩
2,25888,媛萍
2,25889,惠芝
2,25890,梦馨
2,25891,述萍
2,25892,静莹
2,25893,筱茜
2,25894,茜怡
2,25895,楚可
2,25896,喜萌
2,25897,舒菲
2,25898,婉如
2,25899,婷茹
2,25900,楚琳
2,25901,楚晓
2,25902,颖芝
2,25903,薇羽
2,25904,林怡
2,25905,芷妍
2,25906,苡柔
2,25907,文涵
2,25908,茜珂
2,25909,桂慧
2,25910,文萱
2,25911,丽颖
2,25912,雅苘
2,25913,金佳
2,25914,希颖
2,25915,琦梅
2,25916,玉婷
2,25917,茜娜
2,25918,画诗
2,25919,华菁
2,25920,雅菁
2,25921,雅婕
2,25922,程洁
2,25923,新枝
2,25924,岚菊
2,25925,嘉莹
2,25926,惠思
2,25927,婉芳
2,25928,萧非
2,25929,怡若
2,25930,惠盈
2,25931,茜倩
2,25932,茗悦
2,25933,羽江
2,25934,金宜
2,25935,美英
2,25936,宛芸
2,25937,茗荔
2,25938,欣静
2,25939,锵锵
2,25940,彬彬
2,25941,清水
2,25942,瑶瑛
2,25943,秋璇
2,25944,苏真
2,25945,晓奕
2,25946,淑智
2,25947,瑞婵
2,25948,籁真
2,25949,仁楣
2,25950,东梦
2,25951,允迪
2,25952,思晨
2,25953,树瑜
2,25954,希诗
2,25955,梓妍
2,25956,仁明
2,25957,佳蔚
2,25958,仁雯
2,25959,树璧
2,25960,楠晨
2,25961,懿真
2,25962,诗若
2,25963,临羡
2,25964,人芙
2,25965,婷之
2,25966,利晓
2,25967,依苒
2,25968,茗力
2,25969,茜凌
2,25970,希希
2,25971,霈萱
2,25972,婷纭
2,25973,舒萍
2,25974,清珏
2,25975,诗莎
2,25976,芷夏
2,25977,丹洁
2,25978,舒茜
2,25979,芯爱
2,25980,美佳
2,25981,扬铃
2,25982,瑶英
2,25983,佳涵
2,25984,淑灵
2,25985,晨夕
2,25986,楚馨
2,25987,智芸
2,25988,杰晨
2,25989,佳宜
2,25990,文芝
2,25991,锦佳
2,25992,明嵘
2,25993,蓓琦
2,25994,惠杰
2,25995,沛辰
2,25996,欢真
2,25997,媛葶
2,25998,梓婕
2,25999,茗家
2,26000,诗洁
2,26001,文之
2,26002,汶妤
2,26003,静彤
2,26004,芸真
2,26005,笔佩
2,26006,仁菲
2,26007,宛茹
2,26008,若馨
2,26009,清晗
2,26010,蕴珏
2,26011,奕屿
2,26012,桂雯
2,26013,玺霖
2,26014,静芝
2,26015,楚娅
2,26016,兰馨
2,26017,淑瑜
2,26018,卓莹
2,26019,茗婕
2,26020,成怡
2,26021,健琪
2,26022,佳闻
2,26023,明梦
2,26024,博月
2,26025,雅鑫
2,26026,海灿
2,26027,晨玉
2,26028,清菁
2,26029,奕凡
2,26030,雨平
2,26031,奕敏
2,26032,健萁
2,26033,子荷
2,26034,云鑫
2,26035,雯梦
2,26036,月雪
2,26037,雨鑫
2,26038,清祯
2,26039,婷萌
2,26040,一琳
2,26041,雨男
2,26042,青琰
2,26043,丽雯
2,26044,琳菲
2,26045,雨源
2,26046,青荔
2,26047,灵君
2,26048,钰萍
2,26049,若文
2,26050,奕淑
2,26051,桂菲
2,26052,惠瑞
2,26053,清欣
2,26054,奕佳
2,26055,清玮
2,26056,奕辰
2,26057,雨滔
2,26058,雨精
2,26059,清丹
2,26060,少杰
2,26061,湄茹
2,26062,婷涵
2,26063,昀萍
2,26064,雯雯
2,26065,筠萍
2,26066,清元
2,26067,红琳
2,26068,政君
2,26069,若宁
2,26070,清昕
2,26071,英姿
2,26072,清扬
2,26073,奕宁
2,26074,磊磊
2,26075,佳雨
2,26076,若香
2,26077,洁玲
2,26078,隽馨
2,26079,清可
2,26080,炜楠
2,26081,婷萍
2,26082,秋涵
2,26083,婷华
2,26084,敏惠
2,26085,梅佩
2,26086,家莹
2,26087,夏菲
2,26088,乐仪
2,26089,菲雪
2,26090,美茹
2,26091,芸嘉
2,26092,海颖
2,26093,奕尧
2,26094,奕君
2,26095,雪萱
2,26096,慕雪
2,26097,依林
2,26098,雨丹
2,26099,惠嘉
2,26100,佩文
2,26101,雪茹
2,26102,学茹
2,26103,奕姝
2,26104,忆柳
2,26105,元香
2,26106,痴珊
2,26107,恨玉
2,26108,春儿
2,26109,寻雁
2,26110,孤岚
2,26111,笑霜
2,26112,盼儿
2,26113,友巧
2,26114,恨山
2,26115,又绿
2,26116,巧云
2,26117,平文
2,26118,青文
2,26119,翠巧
2,26120,怀山
2,26121,寄南
2,26122,小萍
2,26123,春海
2,26124,向山
2,26125,谷槐
2,26126,凡巧
2,26127,香天
2,26128,夏容
2,26129,傲冬
2,26130,谷翠
2,26131,春蕾
2,26132,痴瑶
2,26133,代桃
2,26134,冷之
2,26135,盼秋
2,26136,秋寒
2,26137,巧夏
2,26138,海亦
2,26139,初晴
2,26140,痴凝
2,26141,巧香
2,26142,采南
2,26143,代巧
2,26144,痴柏
2,26145,恨蕊
2,26146,芷烟
2,26147,尔阳
2,26148,怜烟
2,26149,访儿
2,26150,觅云
2,26151,巧
2,26152,半蕾
2,26153,乞
2,26154,戾
2,26155,嵩
2,26156,邑
2,26157,瑛
2,26158,鸿
2,26159,卿
2,26160,裘
2,26161,契
2,26162,涛
2,26163,疾
2,26164,驳
2,26165,凛
2,26166,逊
2,26167,鹰
2,26168,威
2,26169,紊
2,26170,阁
2,26171,康
2,26172,焱
2,26173,城
2,26174,誉
2,26175,祥
2,26176,虔
2,26177,胜
2,26178,穆
2,26179,豁
2,26180,匪
2,26181,霆
2,26182,凡
2,26183,枫
2,26184,豪
2,26185,铭
2,26186,罡
2,26187,扬
2,26188,垣
2,26189,师
2,26190,翼
2,26191,秋
2,26192,傥
2,26193,箴
2,26194,雍
2,26195,达
2,26196,乾
2,26197,鑫
2,26198,萧
2,26199,鲂
2,26200,冥
2,26201,翰
2,26202,丑
2,26203,隶
2,26204,钧
2,26205,坤
2,26206,荆
2,26207,蹇
2,26208,骁
2,26209,沅
2,26210,剑
2,26211,勒
2,26212,筮
2,26213,磬
2,26214,戎
2,26215,翎
2,26216,函
2,26217,嚣
2,26218,炳
2,26219,耷
2,26220,惮
2,26221,鞯
2,26222,擎
2,26223,烙
2,26224,靖
2,26225,遥
2,26226,斩
2,26227,颤
2,26228,孱
2,26229,续
2,26230,岩
2,26231,奄
2,26232,博
2,26233,鹤
2,26234,绯
2,26235,匕
2,26236,奎
2,26237,仰
2,26238,霸
2,26239,乌
2,26240,邴
2,26241,败
2,26242,捕
2,26243,糜
2,26244,汲
2,26245,涔
2,26246,班
2,26247,悲
2,26248,臻
2,26249,厉
2,26250,栾
2,26251,井
2,26252,伊
2,26253,储
2,26254,羿
2,26255,富
2,26256,稀
2,26257,松
2,26258,寇
2,26259,碧
2,26260,珩
2,26261,靳
2,26262,鞅
2,26263,弼
2,26264,焦
2,26265,海
2,26266,刚
2,26267,纲
2,26268,姿
2,26269,芷
2,26270,芝
2,26271,筝
2,26272,真
2,26273,珍
2,26274,贞
2,26275,婴
2,26276,秀
2,26277,雯
2,26278,纹
2,26279,菀
2,26280,莞
2,26281,宛
2,26282,桐
2,26283,彤
2,26284,愫
2,26285,素
2,26286,涑
2,26287,姝
2,26288,弱
2,26289,若
2,26290,蓉
2,26291,清
2,26292,青
2,26293,茗
2,26294,敏
2,26295,颦
2,26296,莆
2,26297,萍
2,26298,娩
2,26299,斓
2,26300,澜
2,26301,蓝
2,26302,兰
2,26303,惠
2,26304,荟
2,26305,涫
2,26306,芙
2,26307,璎
2,26308,姒
2,26309,苠
2,26310,淇
2,26311,绮
2,26312,雁
2,26313,襄
2,26314,紫
2,26315,芯
2,26316,沂
2,26317,衣
2,26318,荠
2,26319,莺
2,26320,萤
2,26321,怡
2,26322,苡
2,26323,悒
2,26324,荧
2,26325,茈
2,26326,香
2,26327,玲
2,26328,绫
2,26329,灵
2,26330,樱
2,26331,颜
2,26332,艳
2,26333,颖
2,26334,盈
2,26335,琦
2,26336,忻
2,26337,芸
2,26338,笙
2,26339,芳
2,26340,丝
2,26341,湘
2,26342,竺
2,26343,洙
2,26344,珠
2,26345,衫
2,26346,莛
2,26347,琳
2,26348,珊
2,26349,凤
2,26350,嫣
2,26351,芫
2,26352,葶
2,26353,芮
2,26354,沁
2,26355,柔
2,26356,妍
2,26357,芾
2,26358,莹
2,26359,斌
2,26360,瑛
2,26361,卿
2,26362,翎
2,26363,芹
